<annotation>
	<folder>VOC2012</folder>
	<filename>2007_007892.jpg</filename>
	<source>
		<database>The VOC2007 Database</database>
		<annotation>PASCAL VOC2007</annotation>
		<image>flickr</image>
	</source>
	<size>
		<width>360</width>
		<height>480</height>
		<depth>3</depth>
	</size>
	<segmented>0</segmented>
	<object>
		<name>person</name>
		<pose>Unspecified</pose>
		<truncated>0</truncated>
		<difficult>0</difficult>
		<bndbox>
			<xmin>174</xmin>
			<ymin>94</ymin>
			<xmax>302</xmax>
			<ymax>479</ymax>
		</bndbox>
		<part>
			<name>head</name>
			<bndbox>
				<xmin>232</xmin>
				<ymin>99</ymin>
				<xmax>272</xmax>
				<ymax>153</ymax>
			</bndbox>
		</part>
		<part>
			<name>hand</name>
			<bndbox>
				<xmin>204</xmin>
				<ymin>257</ymin>
				<xmax>237</xmax>
				<ymax>279</ymax>
			</bndbox>
		</part>
		<part>
			<name>hand</name>
			<bndbox>
				<xmin>177</xmin>
				<ymin>245</ymin>
				<xmax>200</xmax>
				<ymax>270</ymax>
			</bndbox>
		</part>
		<part>
			<name>foot</name>
			<bndbox>
				<xmin>216</xmin>
				<ymin>468</ymin>
				<xmax>259</xmax>
				<ymax>480</ymax>
			</bndbox>
		</part>
		<part>
			<name>foot</name>
			<bndbox>
				<xmin>189</xmin>
				<ymin>444</ymin>
				<xmax>236</xmax>
				<ymax>475</ymax>
			</bndbox>
		</part>
	</object>
</annotation>
