<annotation>
	<folder>VOC2012</folder>
	<filename>2008_004875.jpg</filename>
	<source>
		<database>The VOC2008 Database</database>
		<annotation>PASCAL VOC2008</annotation>
		<image>flickr</image>
	</source>
	<size>
		<width>500</width>
		<height>375</height>
		<depth>3</depth>
	</size>
	<segmented>0</segmented>
	<object>
		<name>person</name>
		<pose>Right</pose>
		<truncated>1</truncated>
		<occluded>0</occluded>
		<bndbox>
			<xmin>361</xmin>
			<ymin>23</ymin>
			<xmax>486</xmax>
			<ymax>180</ymax>
		</bndbox>
		<difficult>0</difficult>
	</object>
	<object>
		<name>person</name>
		<pose>Right</pose>
		<truncated>1</truncated>
		<occluded>0</occluded>
		<bndbox>
			<xmin>137</xmin>
			<ymin>244</ymin>
			<xmax>310</xmax>
			<ymax>375</ymax>
		</bndbox>
		<difficult>0</difficult>
		<part>
			<name>head</name>
			<bndbox>
				<xmin>209</xmin>
				<ymin>246</ymin>
				<xmax>248</xmax>
				<ymax>294</ymax>
			</bndbox>
		</part>
		<part>
			<name>hand</name>
			<bndbox>
				<xmin>279</xmin>
				<ymin>302</ymin>
				<xmax>311</xmax>
				<ymax>326</ymax>
			</bndbox>
		</part>
		<part>
			<name>hand</name>
			<bndbox>
				<xmin>264</xmin>
				<ymin>350</ymin>
				<xmax>290</xmax>
				<ymax>369</ymax>
			</bndbox>
		</part>
	</object>
	<object>
		<name>person</name>
		<pose>Right</pose>
		<truncated>0</truncated>
		<occluded>1</occluded>
		<bndbox>
			<xmin>88</xmin>
			<ymin>12</ymin>
			<xmax>200</xmax>
			<ymax>125</ymax>
		</bndbox>
		<difficult>0</difficult>
	</object>
</annotation>
