<annotation>
	<folder>VOC2012</folder>
	<filename>2008_006904.jpg</filename>
	<source>
		<database>The VOC2008 Database</database>
		<annotation>PASCAL VOC2008</annotation>
		<image>flickr</image>
	</source>
	<size>
		<width>500</width>
		<height>375</height>
		<depth>3</depth>
	</size>
	<segmented>0</segmented>
	<object>
		<name>cow</name>
		<pose>Left</pose>
		<truncated>1</truncated>
		<occluded>1</occluded>
		<bndbox>
			<xmin>161</xmin>
			<ymin>108</ymin>
			<xmax>500</xmax>
			<ymax>324</ymax>
		</bndbox>
		<difficult>0</difficult>
	</object>
	<object>
		<name>cow</name>
		<pose>Left</pose>
		<truncated>1</truncated>
		<occluded>0</occluded>
		<bndbox>
			<xmin>116</xmin>
			<ymin>153</ymin>
			<xmax>215</xmax>
			<ymax>274</ymax>
		</bndbox>
		<difficult>0</difficult>
	</object>
	<object>
		<name>cow</name>
		<pose>Left</pose>
		<truncated>1</truncated>
		<occluded>0</occluded>
		<bndbox>
			<xmin>335</xmin>
			<ymin>103</ymin>
			<xmax>500</xmax>
			<ymax>172</ymax>
		</bndbox>
		<difficult>0</difficult>
	</object>
	<object>
		<name>cow</name>
		<pose>Left</pose>
		<truncated>1</truncated>
		<occluded>1</occluded>
		<bndbox>
			<xmin>46</xmin>
			<ymin>160</ymin>
			<xmax>146</xmax>
			<ymax>226</ymax>
		</bndbox>
		<difficult>0</difficult>
	</object>
	<object>
		<name>cow</name>
		<pose>Right</pose>
		<truncated>1</truncated>
		<occluded>1</occluded>
		<bndbox>
			<xmin>132</xmin>
			<ymin>95</ymin>
			<xmax>241</xmax>
			<ymax>131</ymax>
		</bndbox>
		<difficult>1</difficult>
	</object>
</annotation>
