<annotation>
	<folder>VOC2012</folder>
	<filename>2008_002753.jpg</filename>
	<source>
		<database>The VOC2008 Database</database>
		<annotation>PASCAL VOC2008</annotation>
		<image>flickr</image>
	</source>
	<size>
		<width>375</width>
		<height>500</height>
		<depth>3</depth>
	</size>
	<segmented>0</segmented>
	<object>
		<name>person</name>
		<pose>Left</pose>
		<truncated>0</truncated>
		<occluded>0</occluded>
		<bndbox>
			<xmin>70</xmin>
			<ymin>151</ymin>
			<xmax>176</xmax>
			<ymax>500</ymax>
		</bndbox>
		<difficult>0</difficult>
	</object>
	<object>
		<name>person</name>
		<pose>Frontal</pose>
		<truncated>0</truncated>
		<occluded>0</occluded>
		<bndbox>
			<xmin>175</xmin>
			<ymin>203</ymin>
			<xmax>260</xmax>
			<ymax>500</ymax>
		</bndbox>
		<difficult>0</difficult>
	</object>
	<object>
		<name>person</name>
		<pose>Frontal</pose>
		<truncated>0</truncated>
		<occluded>0</occluded>
		<bndbox>
			<xmin>173</xmin>
			<ymin>158</ymin>
			<xmax>325</xmax>
			<ymax>500</ymax>
		</bndbox>
		<difficult>0</difficult>
	</object>
	<object>
		<name>person</name>
		<pose>Frontal</pose>
		<truncated>1</truncated>
		<occluded>1</occluded>
		<bndbox>
			<xmin>311</xmin>
			<ymin>183</ymin>
			<xmax>375</xmax>
			<ymax>338</ymax>
		</bndbox>
		<difficult>0</difficult>
	</object>
</annotation>
