<annotation>
	<folder>VOC2012</folder>
	<filename>2008_003673.jpg</filename>
	<source>
		<database>The VOC2008 Database</database>
		<annotation>PASCAL VOC2008</annotation>
		<image>flickr</image>
	</source>
	<size>
		<width>500</width>
		<height>334</height>
		<depth>3</depth>
	</size>
	<segmented>0</segmented>
	<object>
		<name>aeroplane</name>
		<pose>Left</pose>
		<truncated>0</truncated>
		<occluded>0</occluded>
		<bndbox>
			<xmin>27</xmin>
			<ymin>64</ymin>
			<xmax>497</xmax>
			<ymax>197</ymax>
		</bndbox>
		<difficult>0</difficult>
	</object>
	<object>
		<name>bus</name>
		<pose>Right</pose>
		<truncated>1</truncated>
		<occluded>1</occluded>
		<bndbox>
			<xmin>283</xmin>
			<ymin>186</ymin>
			<xmax>355</xmax>
			<ymax>216</ymax>
		</bndbox>
		<difficult>0</difficult>
	</object>
	<object>
		<name>car</name>
		<pose>Unspecified</pose>
		<truncated>0</truncated>
		<occluded>1</occluded>
		<bndbox>
			<xmin>20</xmin>
			<ymin>274</ymin>
			<xmax>114</xmax>
			<ymax>325</ymax>
		</bndbox>
		<difficult>0</difficult>
	</object>
	<object>
		<name>car</name>
		<pose>Rear</pose>
		<truncated>0</truncated>
		<occluded>1</occluded>
		<bndbox>
			<xmin>244</xmin>
			<ymin>214</ymin>
			<xmax>272</xmax>
			<ymax>241</ymax>
		</bndbox>
		<difficult>0</difficult>
	</object>
	<object>
		<name>aeroplane</name>
		<pose>Left</pose>
		<truncated>1</truncated>
		<occluded>1</occluded>
		<bndbox>
			<xmin>407</xmin>
			<ymin>150</ymin>
			<xmax>500</xmax>
			<ymax>169</ymax>
		</bndbox>
		<difficult>1</difficult>
	</object>
</annotation>
