<annotation>
	<folder>VOC2012</folder>
	<filename>2008_000391.jpg</filename>
	<source>
		<database>The VOC2008 Database</database>
		<annotation>PASCAL VOC2008</annotation>
		<image>flickr</image>
	</source>
	<size>
		<width>500</width>
		<height>375</height>
		<depth>3</depth>
	</size>
	<segmented>1</segmented>
	<object>
		<name>pottedplant</name>
		<pose>Unspecified</pose>
		<truncated>0</truncated>
		<occluded>1</occluded>
		<bndbox>
			<xmin>1</xmin>
			<ymin>38</ymin>
			<xmax>189</xmax>
			<ymax>315</ymax>
		</bndbox>
		<difficult>0</difficult>
	</object>
	<object>
		<name>pottedplant</name>
		<pose>Unspecified</pose>
		<truncated>0</truncated>
		<occluded>0</occluded>
		<bndbox>
			<xmin>92</xmin>
			<ymin>238</ymin>
			<xmax>183</xmax>
			<ymax>337</ymax>
		</bndbox>
		<difficult>0</difficult>
	</object>
	<object>
		<name>pottedplant</name>
		<pose>Unspecified</pose>
		<truncated>0</truncated>
		<occluded>1</occluded>
		<bndbox>
			<xmin>164</xmin>
			<ymin>153</ymin>
			<xmax>297</xmax>
			<ymax>313</ymax>
		</bndbox>
		<difficult>0</difficult>
	</object>
	<object>
		<name>pottedplant</name>
		<pose>Unspecified</pose>
		<truncated>0</truncated>
		<occluded>0</occluded>
		<bndbox>
			<xmin>278</xmin>
			<ymin>202</ymin>
			<xmax>344</xmax>
			<ymax>306</ymax>
		</bndbox>
		<difficult>0</difficult>
	</object>
	<object>
		<name>pottedplant</name>
		<pose>Unspecified</pose>
		<truncated>0</truncated>
		<occluded>0</occluded>
		<bndbox>
			<xmin>338</xmin>
			<ymin>107</ymin>
			<xmax>433</xmax>
			<ymax>302</ymax>
		</bndbox>
		<difficult>0</difficult>
	</object>
</annotation>
