<annotation>
	<folder>VOC2012</folder>
	<filename>2008_008444.jpg</filename>
	<source>
		<database>The VOC2008 Database</database>
		<annotation>PASCAL VOC2008</annotation>
		<image>flickr</image>
	</source>
	<size>
		<width>500</width>
		<height>377</height>
		<depth>3</depth>
	</size>
	<segmented>0</segmented>
	<object>
		<name>sofa</name>
		<pose>Frontal</pose>
		<truncated>1</truncated>
		<occluded>1</occluded>
		<bndbox>
			<xmin>1</xmin>
			<ymin>154</ymin>
			<xmax>500</xmax>
			<ymax>377</ymax>
		</bndbox>
		<difficult>1</difficult>
	</object>
	<object>
		<name>person</name>
		<pose>Frontal</pose>
		<truncated>1</truncated>
		<occluded>0</occluded>
		<bndbox>
			<xmin>108</xmin>
			<ymin>85</ymin>
			<xmax>400</xmax>
			<ymax>377</ymax>
		</bndbox>
		<difficult>0</difficult>
	</object>
</annotation>
