<annotation>
	<folder>VOC2012</folder>
	<filename>2008_000636.jpg</filename>
	<source>
		<database>The VOC2008 Database</database>
		<annotation>PASCAL VOC2008</annotation>
		<image>flickr</image>
	</source>
	<size>
		<width>320</width>
		<height>426</height>
		<depth>3</depth>
	</size>
	<segmented>0</segmented>
	<object>
		<name>person</name>
		<pose>Frontal</pose>
		<truncated>0</truncated>
		<occluded>1</occluded>
		<bndbox>
			<xmin>62</xmin>
			<ymin>156</ymin>
			<xmax>213</xmax>
			<ymax>426</ymax>
		</bndbox>
		<difficult>0</difficult>
	</object>
	<object>
		<name>person</name>
		<pose>Frontal</pose>
		<truncated>1</truncated>
		<occluded>1</occluded>
		<bndbox>
			<xmin>62</xmin>
			<ymin>14</ymin>
			<xmax>257</xmax>
			<ymax>426</ymax>
		</bndbox>
		<difficult>0</difficult>
	</object>
	<object>
		<name>sofa</name>
		<pose>Frontal</pose>
		<truncated>1</truncated>
		<occluded>1</occluded>
		<bndbox>
			<xmin>1</xmin>
			<ymin>136</ymin>
			<xmax>320</xmax>
			<ymax>426</ymax>
		</bndbox>
		<difficult>0</difficult>
	</object>
</annotation>
