<annotation>
	<folder>VOC2012</folder>
	<filename>2008_004518.jpg</filename>
	<source>
		<database>The VOC2008 Database</database>
		<annotation>PASCAL VOC2008</annotation>
		<image>flickr</image>
	</source>
	<size>
		<width>500</width>
		<height>324</height>
		<depth>3</depth>
	</size>
	<segmented>0</segmented>
	<object>
		<name>person</name>
		<pose>Frontal</pose>
		<truncated>1</truncated>
		<occluded>1</occluded>
		<bndbox>
			<xmin>110</xmin>
			<ymin>66</ymin>
			<xmax>423</xmax>
			<ymax>324</ymax>
		</bndbox>
		<difficult>0</difficult>
	</object>
</annotation>
