<annotation>
	<folder>VOC2012</folder>
	<filename>2008_000346.jpg</filename>
	<source>
		<database>The VOC2008 Database</database>
		<annotation>PASCAL VOC2008</annotation>
		<image>flickr</image>
	</source>
	<size>
		<width>500</width>
		<height>375</height>
		<depth>3</depth>
	</size>
	<segmented>0</segmented>
	<object>
		<name>person</name>
		<pose>Frontal</pose>
		<truncated>0</truncated>
		<occluded>0</occluded>
		<bndbox>
			<xmin>123</xmin>
			<ymin>67</ymin>
			<xmax>216</xmax>
			<ymax>309</ymax>
		</bndbox>
		<difficult>0</difficult>
	</object>
	<object>
		<name>car</name>
		<pose>Frontal</pose>
		<truncated>0</truncated>
		<occluded>0</occluded>
		<bndbox>
			<xmin>186</xmin>
			<ymin>130</ymin>
			<xmax>462</xmax>
			<ymax>330</ymax>
		</bndbox>
		<difficult>0</difficult>
	</object>
	<object>
		<name>car</name>
		<pose>Unspecified</pose>
		<truncated>1</truncated>
		<occluded>0</occluded>
		<bndbox>
			<xmin>1</xmin>
			<ymin>98</ymin>
			<xmax>133</xmax>
			<ymax>290</ymax>
		</bndbox>
		<difficult>0</difficult>
	</object>
</annotation>
