<annotation>
	<folder>VOC2012</folder>
	<filename>2008_007415.jpg</filename>
	<source>
		<database>The VOC2008 Database</database>
		<annotation>PASCAL VOC2008</annotation>
		<image>flickr</image>
	</source>
	<size>
		<width>375</width>
		<height>500</height>
		<depth>3</depth>
	</size>
	<segmented>0</segmented>
	<object>
		<name>chair</name>
		<pose>Frontal</pose>
		<truncated>0</truncated>
		<occluded>0</occluded>
		<bndbox>
			<xmin>109</xmin>
			<ymin>110</ymin>
			<xmax>300</xmax>
			<ymax>418</ymax>
		</bndbox>
		<difficult>0</difficult>
	</object>
</annotation>
