<annotation>
	<folder>VOC2012</folder>
	<filename>2008_003511.jpg</filename>
	<source>
		<database>The VOC2008 Database</database>
		<annotation>PASCAL VOC2008</annotation>
		<image>flickr</image>
	</source>
	<size>
		<width>500</width>
		<height>375</height>
		<depth>3</depth>
	</size>
	<segmented>1</segmented>
	<object>
		<name>dog</name>
		<pose>Unspecified</pose>
		<truncated>0</truncated>
		<occluded>0</occluded>
		<bndbox>
			<xmin>109</xmin>
			<ymin>152</ymin>
			<xmax>201</xmax>
			<ymax>316</ymax>
		</bndbox>
		<difficult>0</difficult>
	</object>
	<object>
		<name>dog</name>
		<pose>Unspecified</pose>
		<truncated>1</truncated>
		<occluded>0</occluded>
		<bndbox>
			<xmin>155</xmin>
			<ymin>46</ymin>
			<xmax>210</xmax>
			<ymax>76</ymax>
		</bndbox>
		<difficult>0</difficult>
	</object>
	<object>
		<name>person</name>
		<pose>Frontal</pose>
		<truncated>1</truncated>
		<occluded>0</occluded>
		<bndbox>
			<xmin>236</xmin>
			<ymin>26</ymin>
			<xmax>453</xmax>
			<ymax>375</ymax>
		</bndbox>
		<difficult>0</difficult>
	</object>
</annotation>
