<annotation>
	<folder>VOC2012</folder>
	<filename>2008_003263.jpg</filename>
	<source>
		<database>The VOC2008 Database</database>
		<annotation>PASCAL VOC2008</annotation>
		<image>flickr</image>
	</source>
	<size>
		<width>500</width>
		<height>375</height>
		<depth>3</depth>
	</size>
	<segmented>0</segmented>
	<object>
		<name>train</name>
		<pose>Left</pose>
		<truncated>0</truncated>
		<occluded>0</occluded>
		<bndbox>
			<xmin>113</xmin>
			<ymin>96</ymin>
			<xmax>406</xmax>
			<ymax>272</ymax>
		</bndbox>
		<difficult>0</difficult>
	</object>
	<object>
		<name>train</name>
		<pose>Unspecified</pose>
		<truncated>1</truncated>
		<occluded>1</occluded>
		<bndbox>
			<xmin>1</xmin>
			<ymin>72</ymin>
			<xmax>173</xmax>
			<ymax>254</ymax>
		</bndbox>
		<difficult>0</difficult>
	</object>
	<object>
		<name>person</name>
		<pose>Frontal</pose>
		<truncated>0</truncated>
		<occluded>0</occluded>
		<bndbox>
			<xmin>487</xmin>
			<ymin>183</ymin>
			<xmax>496</xmax>
			<ymax>211</ymax>
		</bndbox>
		<difficult>1</difficult>
	</object>
	<object>
		<name>person</name>
		<pose>Right</pose>
		<truncated>1</truncated>
		<occluded>1</occluded>
		<bndbox>
			<xmin>267</xmin>
			<ymin>136</ymin>
			<xmax>300</xmax>
			<ymax>162</ymax>
		</bndbox>
		<difficult>1</difficult>
	</object>
</annotation>
