<annotation>
	<folder>VOC2012</folder>
	<filename>2008_001716.jpg</filename>
	<source>
		<database>The VOC2008 Database</database>
		<annotation>PASCAL VOC2008</annotation>
		<image>flickr</image>
	</source>
	<size>
		<width>498</width>
		<height>288</height>
		<depth>3</depth>
	</size>
	<segmented>1</segmented>
	<object>
		<name>car</name>
		<pose>Unspecified</pose>
		<truncated>0</truncated>
		<occluded>0</occluded>
		<bndbox>
			<xmin>201</xmin>
			<ymin>128</ymin>
			<xmax>429</xmax>
			<ymax>272</ymax>
		</bndbox>
		<difficult>0</difficult>
	</object>
</annotation>
