<annotation>
	<folder>VOC2012</folder>
	<filename>2008_008336.jpg</filename>
	<source>
		<database>The VOC2008 Database</database>
		<annotation>PASCAL VOC2008</annotation>
		<image>flickr</image>
	</source>
	<size>
		<width>500</width>
		<height>375</height>
		<depth>3</depth>
	</size>
	<segmented>0</segmented>
	<object>
		<name>train</name>
		<pose>Left</pose>
		<truncated>1</truncated>
		<occluded>0</occluded>
		<bndbox>
			<xmin>133</xmin>
			<ymin>98</ymin>
			<xmax>403</xmax>
			<ymax>287</ymax>
		</bndbox>
		<difficult>0</difficult>
	</object>
	<object>
		<name>train</name>
		<pose>Unspecified</pose>
		<truncated>1</truncated>
		<occluded>0</occluded>
		<bndbox>
			<xmin>1</xmin>
			<ymin>127</ymin>
			<xmax>185</xmax>
			<ymax>186</ymax>
		</bndbox>
		<difficult>0</difficult>
	</object>
	<object>
		<name>person</name>
		<pose>Left</pose>
		<truncated>1</truncated>
		<occluded>0</occluded>
		<bndbox>
			<xmin>447</xmin>
			<ymin>161</ymin>
			<xmax>500</xmax>
			<ymax>231</ymax>
		</bndbox>
		<difficult>0</difficult>
	</object>
</annotation>
