<annotation>
	<folder>VOC2012</folder>
	<filename>2008_001919.jpg</filename>
	<source>
		<database>The VOC2008 Database</database>
		<annotation>PASCAL VOC2008</annotation>
		<image>flickr</image>
	</source>
	<size>
		<width>500</width>
		<height>333</height>
		<depth>3</depth>
	</size>
	<segmented>0</segmented>
	<object>
		<name>person</name>
		<pose>Frontal</pose>
		<truncated>1</truncated>
		<occluded>1</occluded>
		<bndbox>
			<xmin>69</xmin>
			<ymin>84</ymin>
			<xmax>295</xmax>
			<ymax>333</ymax>
		</bndbox>
		<difficult>0</difficult>
		<part>
			<name>head</name>
			<bndbox>
				<xmin>141</xmin>
				<ymin>86</ymin>
				<xmax>239</xmax>
				<ymax>209</ymax>
			</bndbox>
		</part>
		<part>
			<name>hand</name>
			<bndbox>
				<xmin>251</xmin>
				<ymin>192</ymin>
				<xmax>293</xmax>
				<ymax>232</ymax>
			</bndbox>
		</part>
	</object>
	<object>
		<name>person</name>
		<pose>Frontal</pose>
		<truncated>1</truncated>
		<occluded>1</occluded>
		<bndbox>
			<xmin>243</xmin>
			<ymin>103</ymin>
			<xmax>398</xmax>
			<ymax>255</ymax>
		</bndbox>
		<difficult>0</difficult>
		<part>
			<name>head</name>
			<bndbox>
				<xmin>288</xmin>
				<ymin>103</ymin>
				<xmax>358</xmax>
				<ymax>195</ymax>
			</bndbox>
		</part>
		<part>
			<name>hand</name>
			<bndbox>
				<xmin>259</xmin>
				<ymin>230</ymin>
				<xmax>287</xmax>
				<ymax>254</ymax>
			</bndbox>
		</part>
		<part>
			<name>hand</name>
			<bndbox>
				<xmin>333</xmin>
				<ymin>247</ymin>
				<xmax>368</xmax>
				<ymax>255</ymax>
			</bndbox>
		</part>
	</object>
	<object>
		<name>person</name>
		<pose>Frontal</pose>
		<truncated>1</truncated>
		<occluded>1</occluded>
		<bndbox>
			<xmin>131</xmin>
			<ymin>1</ymin>
			<xmax>327</xmax>
			<ymax>190</ymax>
		</bndbox>
		<difficult>0</difficult>
	</object>
</annotation>
