<annotation>
	<folder>VOC2012</folder>
	<filename>2008_005982.jpg</filename>
	<source>
		<database>The VOC2008 Database</database>
		<annotation>PASCAL VOC2008</annotation>
		<image>flickr</image>
	</source>
	<size>
		<width>500</width>
		<height>323</height>
		<depth>3</depth>
	</size>
	<segmented>0</segmented>
	<object>
		<name>bicycle</name>
		<pose>Left</pose>
		<truncated>0</truncated>
		<occluded>0</occluded>
		<bndbox>
			<xmin>11</xmin>
			<ymin>16</ymin>
			<xmax>491</xmax>
			<ymax>315</ymax>
		</bndbox>
		<difficult>0</difficult>
	</object>
</annotation>
