<annotation>
	<folder>VOC2012</folder>
	<filename>2008_000187.jpg</filename>
	<source>
		<database>The VOC2008 Database</database>
		<annotation>PASCAL VOC2008</annotation>
		<image>flickr</image>
	</source>
	<size>
		<width>500</width>
		<height>333</height>
		<depth>3</depth>
	</size>
	<segmented>1</segmented>
	<object>
		<name>car</name>
		<pose>Left</pose>
		<truncated>0</truncated>
		<occluded>0</occluded>
		<bndbox>
			<xmin>160</xmin>
			<ymin>119</ymin>
			<xmax>443</xmax>
			<ymax>203</ymax>
		</bndbox>
		<difficult>0</difficult>
	</object>
</annotation>
