<annotation>
	<folder>VOC2012</folder>
	<filename>2008_006290.jpg</filename>
	<source>
		<database>The VOC2008 Database</database>
		<annotation>PASCAL VOC2008</annotation>
		<image>flickr</image>
	</source>
	<size>
		<width>500</width>
		<height>336</height>
		<depth>3</depth>
	</size>
	<segmented>0</segmented>
	<object>
		<name>cow</name>
		<pose>Frontal</pose>
		<truncated>0</truncated>
		<occluded>0</occluded>
		<bndbox>
			<xmin>196</xmin>
			<ymin>171</ymin>
			<xmax>250</xmax>
			<ymax>261</ymax>
		</bndbox>
		<difficult>0</difficult>
	</object>
	<object>
		<name>cow</name>
		<pose>Frontal</pose>
		<truncated>0</truncated>
		<occluded>0</occluded>
		<bndbox>
			<xmin>258</xmin>
			<ymin>171</ymin>
			<xmax>331</xmax>
			<ymax>262</ymax>
		</bndbox>
		<difficult>0</difficult>
	</object>
</annotation>
