<annotation>
	<folder>VOC2012</folder>
	<filename>2008_003075.jpg</filename>
	<source>
		<database>The VOC2008 Database</database>
		<annotation>PASCAL VOC2008</annotation>
		<image>flickr</image>
	</source>
	<size>
		<width>500</width>
		<height>318</height>
		<depth>3</depth>
	</size>
	<segmented>0</segmented>
	<object>
		<name>person</name>
		<pose>Left</pose>
		<truncated>0</truncated>
		<occluded>0</occluded>
		<bndbox>
			<xmin>129</xmin>
			<ymin>123</ymin>
			<xmax>287</xmax>
			<ymax>249</ymax>
		</bndbox>
		<difficult>0</difficult>
	</object>
	<object>
		<name>bicycle</name>
		<pose>Left</pose>
		<truncated>0</truncated>
		<occluded>1</occluded>
		<bndbox>
			<xmin>253</xmin>
			<ymin>1</ymin>
			<xmax>478</xmax>
			<ymax>203</ymax>
		</bndbox>
		<difficult>0</difficult>
	</object>
</annotation>
