<annotation>
	<folder>VOC2012</folder>
	<filename>2008_005564.jpg</filename>
	<source>
		<database>The VOC2008 Database</database>
		<annotation>PASCAL VOC2008</annotation>
		<image>flickr</image>
	</source>
	<size>
		<width>432</width>
		<height>324</height>
		<depth>3</depth>
	</size>
	<segmented>0</segmented>
	<object>
		<name>dog</name>
		<pose>Frontal</pose>
		<truncated>0</truncated>
		<occluded>0</occluded>
		<bndbox>
			<xmin>279</xmin>
			<ymin>46</ymin>
			<xmax>382</xmax>
			<ymax>220</ymax>
		</bndbox>
		<difficult>0</difficult>
	</object>
	<object>
		<name>dog</name>
		<pose>Right</pose>
		<truncated>0</truncated>
		<occluded>0</occluded>
		<bndbox>
			<xmin>68</xmin>
			<ymin>112</ymin>
			<xmax>236</xmax>
			<ymax>293</ymax>
		</bndbox>
		<difficult>0</difficult>
	</object>
</annotation>
