<annotation>
	<folder>VOC2012</folder>
	<filename>2008_000144.jpg</filename>
	<source>
		<database>The VOC2008 Database</database>
		<annotation>PASCAL VOC2008</annotation>
		<image>flickr</image>
	</source>
	<size>
		<width>500</width>
		<height>332</height>
		<depth>3</depth>
	</size>
	<segmented>1</segmented>
	<object>
		<name>motorbike</name>
		<pose>Right</pose>
		<truncated>0</truncated>
		<occluded>0</occluded>
		<bndbox>
			<xmin>147</xmin>
			<ymin>113</ymin>
			<xmax>359</xmax>
			<ymax>287</ymax>
		</bndbox>
		<difficult>0</difficult>
	</object>
	<object>
		<name>person</name>
		<pose>Right</pose>
		<truncated>0</truncated>
		<occluded>0</occluded>
		<bndbox>
			<xmin>185</xmin>
			<ymin>56</ymin>
			<xmax>287</xmax>
			<ymax>241</ymax>
		</bndbox>
		<difficult>0</difficult>
	</object>
</annotation>
