<annotation>
	<folder>VOC2012</folder>
	<filename>2008_003883.jpg</filename>
	<source>
		<database>The VOC2008 Database</database>
		<annotation>PASCAL VOC2008</annotation>
		<image>flickr</image>
	</source>
	<size>
		<width>500</width>
		<height>375</height>
		<depth>3</depth>
	</size>
	<segmented>0</segmented>
	<object>
		<name>tvmonitor</name>
		<pose>Frontal</pose>
		<truncated>0</truncated>
		<occluded>0</occluded>
		<bndbox>
			<xmin>137</xmin>
			<ymin>1</ymin>
			<xmax>350</xmax>
			<ymax>109</ymax>
		</bndbox>
		<difficult>0</difficult>
	</object>
	<object>
		<name>person</name>
		<pose>Frontal</pose>
		<truncated>0</truncated>
		<occluded>1</occluded>
		<bndbox>
			<xmin>237</xmin>
			<ymin>95</ymin>
			<xmax>320</xmax>
			<ymax>244</ymax>
		</bndbox>
		<difficult>0</difficult>
	</object>
</annotation>
