<annotation>
	<folder>VOC2012</folder>
	<filename>2008_000408.jpg</filename>
	<source>
		<database>The VOC2008 Database</database>
		<annotation>PASCAL VOC2008</annotation>
		<image>flickr</image>
	</source>
	<size>
		<width>500</width>
		<height>375</height>
		<depth>3</depth>
	</size>
	<segmented>0</segmented>
	<object>
		<name>person</name>
		<pose>Frontal</pose>
		<truncated>1</truncated>
		<occluded>1</occluded>
		<bndbox>
			<xmin>75</xmin>
			<ymin>88</ymin>
			<xmax>238</xmax>
			<ymax>278</ymax>
		</bndbox>
		<difficult>0</difficult>
	</object>
	<object>
		<name>person</name>
		<pose>Frontal</pose>
		<truncated>1</truncated>
		<occluded>1</occluded>
		<bndbox>
			<xmin>300</xmin>
			<ymin>125</ymin>
			<xmax>413</xmax>
			<ymax>299</ymax>
		</bndbox>
		<difficult>0</difficult>
	</object>
	<object>
		<name>person</name>
		<pose>Frontal</pose>
		<truncated>1</truncated>
		<occluded>1</occluded>
		<bndbox>
			<xmin>1</xmin>
			<ymin>97</ymin>
			<xmax>61</xmax>
			<ymax>271</ymax>
		</bndbox>
		<difficult>1</difficult>
	</object>
	<object>
		<name>person</name>
		<pose>Frontal</pose>
		<truncated>1</truncated>
		<occluded>1</occluded>
		<bndbox>
			<xmin>230</xmin>
			<ymin>143</ymin>
			<xmax>275</xmax>
			<ymax>197</ymax>
		</bndbox>
		<difficult>0</difficult>
	</object>
	<object>
		<name>person</name>
		<pose>Right</pose>
		<truncated>1</truncated>
		<occluded>1</occluded>
		<bndbox>
			<xmin>179</xmin>
			<ymin>101</ymin>
			<xmax>224</xmax>
			<ymax>170</ymax>
		</bndbox>
		<difficult>0</difficult>
	</object>
	<object>
		<name>person</name>
		<pose>Unspecified</pose>
		<truncated>1</truncated>
		<occluded>0</occluded>
		<bndbox>
			<xmin>52</xmin>
			<ymin>143</ymin>
			<xmax>89</xmax>
			<ymax>197</ymax>
		</bndbox>
		<difficult>1</difficult>
	</object>
	<object>
		<name>diningtable</name>
		<pose>Unspecified</pose>
		<truncated>1</truncated>
		<occluded>0</occluded>
		<bndbox>
			<xmin>1</xmin>
			<ymin>278</ymin>
			<xmax>500</xmax>
			<ymax>375</ymax>
		</bndbox>
		<difficult>1</difficult>
	</object>
</annotation>
