<annotation>
	<folder>VOC2012</folder>
	<filename>2008_002035.jpg</filename>
	<source>
		<database>The VOC2008 Database</database>
		<annotation>PASCAL VOC2008</annotation>
		<image>flickr</image>
	</source>
	<size>
		<width>500</width>
		<height>333</height>
		<depth>3</depth>
	</size>
	<segmented>0</segmented>
	<object>
		<name>person</name>
		<pose>Frontal</pose>
		<truncated>1</truncated>
		<occluded>1</occluded>
		<bndbox>
			<xmin>53</xmin>
			<ymin>47</ymin>
			<xmax>250</xmax>
			<ymax>333</ymax>
		</bndbox>
		<difficult>0</difficult>
		<part>
			<name>head</name>
			<bndbox>
				<xmin>137</xmin>
				<ymin>45</ymin>
				<xmax>207</xmax>
				<ymax>148</ymax>
			</bndbox>
		</part>
		<part>
			<name>hand</name>
			<bndbox>
				<xmin>171</xmin>
				<ymin>264</ymin>
				<xmax>216</xmax>
				<ymax>304</ymax>
			</bndbox>
		</part>
		<part>
			<name>hand</name>
			<bndbox>
				<xmin>197</xmin>
				<ymin>224</ymin>
				<xmax>223</xmax>
				<ymax>275</ymax>
			</bndbox>
		</part>
	</object>
</annotation>
