<annotation>
	<folder>VOC2012</folder>
	<filename>2008_000742.jpg</filename>
	<source>
		<database>The VOC2008 Database</database>
		<annotation>PASCAL VOC2008</annotation>
		<image>flickr</image>
	</source>
	<size>
		<width>333</width>
		<height>500</height>
		<depth>3</depth>
	</size>
	<segmented>0</segmented>
	<object>
		<name>person</name>
		<pose>Frontal</pose>
		<truncated>0</truncated>
		<occluded>1</occluded>
		<bndbox>
			<xmin>137</xmin>
			<ymin>30</ymin>
			<xmax>313</xmax>
			<ymax>500</ymax>
		</bndbox>
		<difficult>0</difficult>
	</object>
	<object>
		<name>person</name>
		<pose>Frontal</pose>
		<truncated>1</truncated>
		<occluded>1</occluded>
		<bndbox>
			<xmin>23</xmin>
			<ymin>21</ymin>
			<xmax>312</xmax>
			<ymax>500</ymax>
		</bndbox>
		<difficult>0</difficult>
	</object>
</annotation>
