<annotation>
	<folder>VOC2012</folder>
	<filename>2008_000971.jpg</filename>
	<source>
		<database>The VOC2008 Database</database>
		<annotation>PASCAL VOC2008</annotation>
		<image>flickr</image>
	</source>
	<size>
		<width>376</width>
		<height>500</height>
		<depth>3</depth>
	</size>
	<segmented>0</segmented>
	<object>
		<name>person</name>
		<pose>Frontal</pose>
		<truncated>0</truncated>
		<occluded>0</occluded>
		<bndbox>
			<xmin>129</xmin>
			<ymin>255</ymin>
			<xmax>159</xmax>
			<ymax>352</ymax>
		</bndbox>
		<difficult>0</difficult>
	</object>
	<object>
		<name>person</name>
		<pose>Frontal</pose>
		<truncated>0</truncated>
		<occluded>1</occluded>
		<bndbox>
			<xmin>153</xmin>
			<ymin>248</ymin>
			<xmax>187</xmax>
			<ymax>347</ymax>
		</bndbox>
		<difficult>0</difficult>
	</object>
	<object>
		<name>person</name>
		<pose>Rear</pose>
		<truncated>0</truncated>
		<occluded>0</occluded>
		<bndbox>
			<xmin>190</xmin>
			<ymin>261</ymin>
			<xmax>221</xmax>
			<ymax>348</ymax>
		</bndbox>
		<difficult>0</difficult>
	</object>
</annotation>
