<annotation>
	<folder>VOC2012</folder>
	<filename>2008_008322.jpg</filename>
	<source>
		<database>The VOC2008 Database</database>
		<annotation>PASCAL VOC2008</annotation>
		<image>flickr</image>
	</source>
	<size>
		<width>500</width>
		<height>333</height>
		<depth>3</depth>
	</size>
	<segmented>0</segmented>
	<object>
		<name>sheep</name>
		<pose>Right</pose>
		<truncated>0</truncated>
		<occluded>0</occluded>
		<bndbox>
			<xmin>191</xmin>
			<ymin>145</ymin>
			<xmax>229</xmax>
			<ymax>179</ymax>
		</bndbox>
		<difficult>0</difficult>
	</object>
	<object>
		<name>sheep</name>
		<pose>Frontal</pose>
		<truncated>0</truncated>
		<occluded>0</occluded>
		<bndbox>
			<xmin>237</xmin>
			<ymin>139</ymin>
			<xmax>274</xmax>
			<ymax>181</ymax>
		</bndbox>
		<difficult>0</difficult>
	</object>
	<object>
		<name>sheep</name>
		<pose>Left</pose>
		<truncated>0</truncated>
		<occluded>0</occluded>
		<bndbox>
			<xmin>271</xmin>
			<ymin>151</ymin>
			<xmax>306</xmax>
			<ymax>186</ymax>
		</bndbox>
		<difficult>0</difficult>
	</object>
	<object>
		<name>car</name>
		<pose>Unspecified</pose>
		<truncated>1</truncated>
		<occluded>0</occluded>
		<bndbox>
			<xmin>391</xmin>
			<ymin>228</ymin>
			<xmax>500</xmax>
			<ymax>333</ymax>
		</bndbox>
		<difficult>1</difficult>
	</object>
</annotation>
