<annotation>
	<folder>VOC2012</folder>
	<filename>2008_000193.jpg</filename>
	<source>
		<database>The VOC2008 Database</database>
		<annotation>PASCAL VOC2008</annotation>
		<image>flickr</image>
	</source>
	<size>
		<width>500</width>
		<height>333</height>
		<depth>3</depth>
	</size>
	<segmented>0</segmented>
	<object>
		<name>car</name>
		<pose>Left</pose>
		<truncated>0</truncated>
		<occluded>0</occluded>
		<bndbox>
			<xmin>103</xmin>
			<ymin>127</ymin>
			<xmax>323</xmax>
			<ymax>204</ymax>
		</bndbox>
		<difficult>0</difficult>
	</object>
	<object>
		<name>person</name>
		<pose>Left</pose>
		<truncated>1</truncated>
		<occluded>0</occluded>
		<bndbox>
			<xmin>230</xmin>
			<ymin>130</ymin>
			<xmax>254</xmax>
			<ymax>157</ymax>
		</bndbox>
		<difficult>1</difficult>
	</object>
</annotation>
