<annotation>
	<folder>VOC2012</folder>
	<filename>2008_004493.jpg</filename>
	<source>
		<database>The VOC2008 Database</database>
		<annotation>PASCAL VOC2008</annotation>
		<image>flickr</image>
	</source>
	<size>
		<width>500</width>
		<height>375</height>
		<depth>3</depth>
	</size>
	<segmented>0</segmented>
	<object>
		<name>person</name>
		<pose>Frontal</pose>
		<truncated>0</truncated>
		<occluded>0</occluded>
		<bndbox>
			<xmin>141</xmin>
			<ymin>150</ymin>
			<xmax>185</xmax>
			<ymax>259</ymax>
		</bndbox>
		<difficult>0</difficult>
	</object>
	<object>
		<name>person</name>
		<pose>Frontal</pose>
		<truncated>0</truncated>
		<occluded>0</occluded>
		<bndbox>
			<xmin>256</xmin>
			<ymin>202</ymin>
			<xmax>284</xmax>
			<ymax>263</ymax>
		</bndbox>
		<difficult>0</difficult>
	</object>
</annotation>
