<annotation>
	<folder>VOC2012</folder>
	<filename>2008_008120.jpg</filename>
	<source>
		<database>The VOC2008 Database</database>
		<annotation>PASCAL VOC2008</annotation>
		<image>flickr</image>
	</source>
	<size>
		<width>500</width>
		<height>357</height>
		<depth>3</depth>
	</size>
	<segmented>0</segmented>
	<object>
		<name>bus</name>
		<pose>Right</pose>
		<truncated>0</truncated>
		<occluded>0</occluded>
		<bndbox>
			<xmin>18</xmin>
			<ymin>29</ymin>
			<xmax>471</xmax>
			<ymax>324</ymax>
		</bndbox>
		<difficult>0</difficult>
	</object>
	<object>
		<name>bus</name>
		<pose>Rear</pose>
		<truncated>1</truncated>
		<occluded>1</occluded>
		<bndbox>
			<xmin>433</xmin>
			<ymin>134</ymin>
			<xmax>500</xmax>
			<ymax>217</ymax>
		</bndbox>
		<difficult>1</difficult>
	</object>
	<object>
		<name>bus</name>
		<pose>Unspecified</pose>
		<truncated>1</truncated>
		<occluded>1</occluded>
		<bndbox>
			<xmin>411</xmin>
			<ymin>139</ymin>
			<xmax>435</xmax>
			<ymax>188</ymax>
		</bndbox>
		<difficult>1</difficult>
	</object>
	<object>
		<name>car</name>
		<pose>Unspecified</pose>
		<truncated>1</truncated>
		<occluded>0</occluded>
		<bndbox>
			<xmin>10</xmin>
			<ymin>166</ymin>
			<xmax>21</xmax>
			<ymax>185</ymax>
		</bndbox>
		<difficult>1</difficult>
	</object>
</annotation>
