<annotation>
	<folder>VOC2012</folder>
	<filename>2008_006092.jpg</filename>
	<source>
		<database>The VOC2008 Database</database>
		<annotation>PASCAL VOC2008</annotation>
		<image>flickr</image>
	</source>
	<size>
		<width>375</width>
		<height>500</height>
		<depth>3</depth>
	</size>
	<segmented>0</segmented>
	<object>
		<name>car</name>
		<pose>Unspecified</pose>
		<truncated>1</truncated>
		<occluded>1</occluded>
		<bndbox>
			<xmin>211</xmin>
			<ymin>251</ymin>
			<xmax>323</xmax>
			<ymax>306</ymax>
		</bndbox>
		<difficult>0</difficult>
	</object>
</annotation>
