<annotation>
	<folder>VOC2012</folder>
	<filename>2008_002343.jpg</filename>
	<source>
		<database>The VOC2008 Database</database>
		<annotation>PASCAL VOC2008</annotation>
		<image>flickr</image>
	</source>
	<size>
		<width>500</width>
		<height>375</height>
		<depth>3</depth>
	</size>
	<segmented>0</segmented>
	<object>
		<name>sheep</name>
		<pose>Unspecified</pose>
		<truncated>1</truncated>
		<occluded>0</occluded>
		<bndbox>
			<xmin>1</xmin>
			<ymin>1</ymin>
			<xmax>297</xmax>
			<ymax>349</ymax>
		</bndbox>
		<difficult>0</difficult>
	</object>
	<object>
		<name>sheep</name>
		<pose>Unspecified</pose>
		<truncated>0</truncated>
		<occluded>0</occluded>
		<bndbox>
			<xmin>318</xmin>
			<ymin>203</ymin>
			<xmax>377</xmax>
			<ymax>309</ymax>
		</bndbox>
		<difficult>0</difficult>
	</object>
	<object>
		<name>sheep</name>
		<pose>Unspecified</pose>
		<truncated>0</truncated>
		<occluded>0</occluded>
		<bndbox>
			<xmin>240</xmin>
			<ymin>206</ymin>
			<xmax>327</xmax>
			<ymax>303</ymax>
		</bndbox>
		<difficult>0</difficult>
	</object>
</annotation>
