<annotation>
	<folder>VOC2012</folder>
	<filename>2008_005362.jpg</filename>
	<source>
		<database>The VOC2008 Database</database>
		<annotation>PASCAL VOC2008</annotation>
		<image>flickr</image>
	</source>
	<size>
		<width>500</width>
		<height>332</height>
		<depth>3</depth>
	</size>
	<segmented>0</segmented>
	<object>
		<name>aeroplane</name>
		<pose>Unspecified</pose>
		<truncated>0</truncated>
		<occluded>0</occluded>
		<bndbox>
			<xmin>200</xmin>
			<ymin>136</ymin>
			<xmax>338</xmax>
			<ymax>212</ymax>
		</bndbox>
		<difficult>0</difficult>
	</object>
</annotation>
