<annotation>
	<folder>VOC2012</folder>
	<filename>2008_008281.jpg</filename>
	<source>
		<database>The VOC2008 Database</database>
		<annotation>PASCAL VOC2008</annotation>
		<image>flickr</image>
	</source>
	<size>
		<width>500</width>
		<height>334</height>
		<depth>3</depth>
	</size>
	<segmented>0</segmented>
	<object>
		<name>bus</name>
		<pose>Frontal</pose>
		<truncated>0</truncated>
		<occluded>0</occluded>
		<bndbox>
			<xmin>111</xmin>
			<ymin>44</ymin>
			<xmax>360</xmax>
			<ymax>297</ymax>
		</bndbox>
		<difficult>0</difficult>
	</object>
	<object>
		<name>bus</name>
		<pose>Unspecified</pose>
		<truncated>1</truncated>
		<occluded>0</occluded>
		<bndbox>
			<xmin>1</xmin>
			<ymin>119</ymin>
			<xmax>128</xmax>
			<ymax>274</ymax>
		</bndbox>
		<difficult>0</difficult>
	</object>
	<object>
		<name>car</name>
		<pose>Frontal</pose>
		<truncated>0</truncated>
		<occluded>0</occluded>
		<bndbox>
			<xmin>468</xmin>
			<ymin>187</ymin>
			<xmax>487</xmax>
			<ymax>202</ymax>
		</bndbox>
		<difficult>1</difficult>
	</object>
</annotation>
