<annotation>
	<folder>VOC2012</folder>
	<filename>2008_006327.jpg</filename>
	<source>
		<database>The VOC2008 Database</database>
		<annotation>PASCAL VOC2008</annotation>
		<image>flickr</image>
	</source>
	<size>
		<width>400</width>
		<height>300</height>
		<depth>3</depth>
	</size>
	<segmented>1</segmented>
	<object>
		<name>sheep</name>
		<pose>Left</pose>
		<truncated>0</truncated>
		<occluded>0</occluded>
		<bndbox>
			<xmin>232</xmin>
			<ymin>117</ymin>
			<xmax>393</xmax>
			<ymax>286</ymax>
		</bndbox>
		<difficult>0</difficult>
	</object>
	<object>
		<name>sheep</name>
		<pose>Right</pose>
		<truncated>0</truncated>
		<occluded>0</occluded>
		<bndbox>
			<xmin>6</xmin>
			<ymin>71</ymin>
			<xmax>188</xmax>
			<ymax>199</ymax>
		</bndbox>
		<difficult>0</difficult>
	</object>
	<object>
		<name>sheep</name>
		<pose>Unspecified</pose>
		<truncated>0</truncated>
		<occluded>1</occluded>
		<bndbox>
			<xmin>198</xmin>
			<ymin>75</ymin>
			<xmax>340</xmax>
			<ymax>170</ymax>
		</bndbox>
		<difficult>0</difficult>
	</object>
	<object>
		<name>sheep</name>
		<pose>Rear</pose>
		<truncated>0</truncated>
		<occluded>1</occluded>
		<bndbox>
			<xmin>167</xmin>
			<ymin>46</ymin>
			<xmax>251</xmax>
			<ymax>223</ymax>
		</bndbox>
		<difficult>0</difficult>
	</object>
</annotation>
