<annotation>
	<folder>VOC2012</folder>
	<filename>2008_000811.jpg</filename>
	<source>
		<database>The VOC2008 Database</database>
		<annotation>PASCAL VOC2008</annotation>
		<image>flickr</image>
	</source>
	<size>
		<width>500</width>
		<height>375</height>
		<depth>3</depth>
	</size>
	<segmented>1</segmented>
	<object>
		<name>person</name>
		<pose>Frontal</pose>
		<truncated>0</truncated>
		<occluded>1</occluded>
		<bndbox>
			<xmin>313</xmin>
			<ymin>52</ymin>
			<xmax>476</xmax>
			<ymax>352</ymax>
		</bndbox>
		<difficult>0</difficult>
	</object>
	<object>
		<name>person</name>
		<pose>Unspecified</pose>
		<truncated>0</truncated>
		<occluded>1</occluded>
		<bndbox>
			<xmin>29</xmin>
			<ymin>49</ymin>
			<xmax>255</xmax>
			<ymax>328</ymax>
		</bndbox>
		<difficult>0</difficult>
	</object>
	<object>
		<name>motorbike</name>
		<pose>Rear</pose>
		<truncated>0</truncated>
		<occluded>1</occluded>
		<bndbox>
			<xmin>30</xmin>
			<ymin>136</ymin>
			<xmax>268</xmax>
			<ymax>331</ymax>
		</bndbox>
		<difficult>0</difficult>
	</object>
	<object>
		<name>motorbike</name>
		<pose>Frontal</pose>
		<truncated>0</truncated>
		<occluded>0</occluded>
		<bndbox>
			<xmin>312</xmin>
			<ymin>101</ymin>
			<xmax>475</xmax>
			<ymax>360</ymax>
		</bndbox>
		<difficult>0</difficult>
	</object>
</annotation>
