<annotation>
	<folder>VOC2012</folder>
	<filename>2008_008726.jpg</filename>
	<source>
		<database>The VOC2008 Database</database>
		<annotation>PASCAL VOC2008</annotation>
		<image>flickr</image>
	</source>
	<size>
		<width>500</width>
		<height>375</height>
		<depth>3</depth>
	</size>
	<segmented>0</segmented>
	<object>
		<name>train</name>
		<pose>Left</pose>
		<truncated>0</truncated>
		<occluded>0</occluded>
		<bndbox>
			<xmin>55</xmin>
			<ymin>150</ymin>
			<xmax>492</xmax>
			<ymax>258</ymax>
		</bndbox>
		<difficult>0</difficult>
	</object>
	<object>
		<name>person</name>
		<pose>Unspecified</pose>
		<truncated>0</truncated>
		<occluded>0</occluded>
		<bndbox>
			<xmin>432</xmin>
			<ymin>209</ymin>
			<xmax>469</xmax>
			<ymax>256</ymax>
		</bndbox>
		<difficult>1</difficult>
	</object>
	<object>
		<name>car</name>
		<pose>Right</pose>
		<truncated>0</truncated>
		<occluded>0</occluded>
		<bndbox>
			<xmin>143</xmin>
			<ymin>124</ymin>
			<xmax>182</xmax>
			<ymax>140</ymax>
		</bndbox>
		<difficult>1</difficult>
	</object>
</annotation>
