<annotation>
	<folder>VOC2012</folder>
	<filename>2008_001312.jpg</filename>
	<source>
		<database>The VOC2008 Database</database>
		<annotation>PASCAL VOC2008</annotation>
		<image>flickr</image>
	</source>
	<size>
		<width>500</width>
		<height>375</height>
		<depth>3</depth>
	</size>
	<segmented>0</segmented>
	<object>
		<name>person</name>
		<pose>Frontal</pose>
		<truncated>1</truncated>
		<occluded>1</occluded>
		<bndbox>
			<xmin>169</xmin>
			<ymin>71</ymin>
			<xmax>280</xmax>
			<ymax>233</ymax>
		</bndbox>
		<difficult>0</difficult>
	</object>
	<object>
		<name>person</name>
		<pose>Frontal</pose>
		<truncated>1</truncated>
		<occluded>1</occluded>
		<bndbox>
			<xmin>266</xmin>
			<ymin>76</ymin>
			<xmax>371</xmax>
			<ymax>236</ymax>
		</bndbox>
		<difficult>0</difficult>
	</object>
	<object>
		<name>bottle</name>
		<pose>Unspecified</pose>
		<truncated>0</truncated>
		<occluded>0</occluded>
		<bndbox>
			<xmin>462</xmin>
			<ymin>215</ymin>
			<xmax>479</xmax>
			<ymax>264</ymax>
		</bndbox>
		<difficult>0</difficult>
	</object>
	<object>
		<name>bottle</name>
		<pose>Unspecified</pose>
		<truncated>0</truncated>
		<occluded>0</occluded>
		<bndbox>
			<xmin>229</xmin>
			<ymin>195</ymin>
			<xmax>254</xmax>
			<ymax>277</ymax>
		</bndbox>
		<difficult>0</difficult>
	</object>
	<object>
		<name>bottle</name>
		<pose>Unspecified</pose>
		<truncated>0</truncated>
		<occluded>0</occluded>
		<bndbox>
			<xmin>256</xmin>
			<ymin>193</ymin>
			<xmax>280</xmax>
			<ymax>275</ymax>
		</bndbox>
		<difficult>0</difficult>
	</object>
</annotation>
