<annotation>
	<folder>VOC2012</folder>
	<filename>2008_004726.jpg</filename>
	<source>
		<database>The VOC2008 Database</database>
		<annotation>PASCAL VOC2008</annotation>
		<image>flickr</image>
	</source>
	<size>
		<width>500</width>
		<height>333</height>
		<depth>3</depth>
	</size>
	<segmented>0</segmented>
	<object>
		<name>aeroplane</name>
		<pose>Left</pose>
		<truncated>0</truncated>
		<occluded>0</occluded>
		<bndbox>
			<xmin>115</xmin>
			<ymin>112</ymin>
			<xmax>454</xmax>
			<ymax>223</ymax>
		</bndbox>
		<difficult>0</difficult>
	</object>
</annotation>
