<annotation>
	<folder>VOC2012</folder>
	<filename>2008_006870.jpg</filename>
	<source>
		<database>The VOC2008 Database</database>
		<annotation>PASCAL VOC2008</annotation>
		<image>flickr</image>
	</source>
	<size>
		<width>500</width>
		<height>375</height>
		<depth>3</depth>
	</size>
	<segmented>0</segmented>
	<object>
		<name>dog</name>
		<pose>Left</pose>
		<truncated>0</truncated>
		<occluded>0</occluded>
		<bndbox>
			<xmin>194</xmin>
			<ymin>181</ymin>
			<xmax>419</xmax>
			<ymax>353</ymax>
		</bndbox>
		<difficult>0</difficult>
	</object>
	<object>
		<name>person</name>
		<pose>Left</pose>
		<truncated>1</truncated>
		<occluded>1</occluded>
		<bndbox>
			<xmin>133</xmin>
			<ymin>1</ymin>
			<xmax>254</xmax>
			<ymax>234</ymax>
		</bndbox>
		<difficult>0</difficult>
	</object>
</annotation>
