<annotation>
	<folder>VOC2012</folder>
	<filename>2008_007207.jpg</filename>
	<source>
		<database>The VOC2008 Database</database>
		<annotation>PASCAL VOC2008</annotation>
		<image>flickr</image>
	</source>
	<size>
		<width>288</width>
		<height>384</height>
		<depth>3</depth>
	</size>
	<segmented>0</segmented>
	<object>
		<name>person</name>
		<pose>Frontal</pose>
		<truncated>1</truncated>
		<occluded>1</occluded>
		<bndbox>
			<xmin>31</xmin>
			<ymin>14</ymin>
			<xmax>211</xmax>
			<ymax>288</ymax>
		</bndbox>
		<difficult>0</difficult>
	</object>
	<object>
		<name>diningtable</name>
		<pose>Unspecified</pose>
		<truncated>1</truncated>
		<occluded>0</occluded>
		<bndbox>
			<xmin>1</xmin>
			<ymin>273</ymin>
			<xmax>288</xmax>
			<ymax>384</ymax>
		</bndbox>
		<difficult>1</difficult>
	</object>
</annotation>
