<annotation>
	<folder>VOC2012</folder>
	<filename>2008_002182.jpg</filename>
	<source>
		<database>The VOC2008 Database</database>
		<annotation>PASCAL VOC2008</annotation>
		<image>flickr</image>
	</source>
	<size>
		<width>500</width>
		<height>375</height>
		<depth>3</depth>
	</size>
	<segmented>1</segmented>
	<object>
		<name>cat</name>
		<pose>Frontal</pose>
		<truncated>0</truncated>
		<occluded>0</occluded>
		<bndbox>
			<xmin>223</xmin>
			<ymin>40</ymin>
			<xmax>337</xmax>
			<ymax>371</ymax>
		</bndbox>
		<difficult>0</difficult>
	</object>
</annotation>
