<annotation>
	<folder>VOC2012</folder>
	<filename>2008_001845.jpg</filename>
	<source>
		<database>The VOC2008 Database</database>
		<annotation>PASCAL VOC2008</annotation>
		<image>flickr</image>
	</source>
	<size>
		<width>332</width>
		<height>500</height>
		<depth>3</depth>
	</size>
	<segmented>0</segmented>
	<object>
		<name>person</name>
		<pose>Unspecified</pose>
		<truncated>1</truncated>
		<occluded>0</occluded>
		<bndbox>
			<xmin>80</xmin>
			<ymin>57</ymin>
			<xmax>332</xmax>
			<ymax>394</ymax>
		</bndbox>
		<difficult>0</difficult>
	</object>
	<object>
		<name>bottle</name>
		<pose>Unspecified</pose>
		<truncated>0</truncated>
		<occluded>0</occluded>
		<bndbox>
			<xmin>1</xmin>
			<ymin>167</ymin>
			<xmax>14</xmax>
			<ymax>203</ymax>
		</bndbox>
		<difficult>1</difficult>
	</object>
</annotation>
