<annotation>
	<folder>VOC2012</folder>
	<filename>2008_002169.jpg</filename>
	<source>
		<database>The VOC2008 Database</database>
		<annotation>PASCAL VOC2008</annotation>
		<image>flickr</image>
	</source>
	<size>
		<width>500</width>
		<height>375</height>
		<depth>3</depth>
	</size>
	<segmented>0</segmented>
	<object>
		<name>person</name>
		<pose>Frontal</pose>
		<truncated>1</truncated>
		<occluded>1</occluded>
		<bndbox>
			<xmin>222</xmin>
			<ymin>113</ymin>
			<xmax>376</xmax>
			<ymax>375</ymax>
		</bndbox>
		<difficult>0</difficult>
		<part>
			<name>head</name>
			<bndbox>
				<xmin>248</xmin>
				<ymin>113</ymin>
				<xmax>296</xmax>
				<ymax>180</ymax>
			</bndbox>
		</part>
		<part>
			<name>hand</name>
			<bndbox>
				<xmin>318</xmin>
				<ymin>285</ymin>
				<xmax>351</xmax>
				<ymax>311</ymax>
			</bndbox>
		</part>
		<part>
			<name>hand</name>
			<bndbox>
				<xmin>143</xmin>
				<ymin>186</ymin>
				<xmax>165</xmax>
				<ymax>217</ymax>
			</bndbox>
		</part>
	</object>
	<object>
		<name>person</name>
		<pose>Unspecified</pose>
		<truncated>1</truncated>
		<occluded>1</occluded>
		<bndbox>
			<xmin>133</xmin>
			<ymin>130</ymin>
			<xmax>294</xmax>
			<ymax>375</ymax>
		</bndbox>
		<difficult>0</difficult>
	</object>
</annotation>
