<annotation>
	<folder>VOC2012</folder>
	<filename>2008_000959.jpg</filename>
	<source>
		<database>The VOC2008 Database</database>
		<annotation>PASCAL VOC2008</annotation>
		<image>flickr</image>
	</source>
	<size>
		<width>500</width>
		<height>375</height>
		<depth>3</depth>
	</size>
	<segmented>0</segmented>
	<object>
		<name>car</name>
		<pose>Unspecified</pose>
		<truncated>0</truncated>
		<occluded>0</occluded>
		<bndbox>
			<xmin>26</xmin>
			<ymin>78</ymin>
			<xmax>496</xmax>
			<ymax>338</ymax>
		</bndbox>
		<difficult>0</difficult>
	</object>
	<object>
		<name>person</name>
		<pose>Rear</pose>
		<truncated>0</truncated>
		<occluded>1</occluded>
		<bndbox>
			<xmin>124</xmin>
			<ymin>19</ymin>
			<xmax>160</xmax>
			<ymax>111</ymax>
		</bndbox>
		<difficult>0</difficult>
	</object>
</annotation>
