<annotation>
	<folder>VOC2012</folder>
	<filename>2008_007398.jpg</filename>
	<source>
		<database>The VOC2008 Database</database>
		<annotation>PASCAL VOC2008</annotation>
		<image>flickr</image>
	</source>
	<size>
		<width>500</width>
		<height>375</height>
		<depth>3</depth>
	</size>
	<segmented>0</segmented>
	<object>
		<name>cow</name>
		<pose>Frontal</pose>
		<truncated>0</truncated>
		<occluded>0</occluded>
		<bndbox>
			<xmin>71</xmin>
			<ymin>169</ymin>
			<xmax>205</xmax>
			<ymax>341</ymax>
		</bndbox>
		<difficult>0</difficult>
	</object>
	<object>
		<name>cow</name>
		<pose>Frontal</pose>
		<truncated>0</truncated>
		<occluded>0</occluded>
		<bndbox>
			<xmin>18</xmin>
			<ymin>185</ymin>
			<xmax>76</xmax>
			<ymax>304</ymax>
		</bndbox>
		<difficult>0</difficult>
	</object>
</annotation>
