<annotation>
	<folder>VOC2012</folder>
	<filename>2008_005174.jpg</filename>
	<source>
		<database>The VOC2008 Database</database>
		<annotation>PASCAL VOC2008</annotation>
		<image>flickr</image>
	</source>
	<size>
		<width>500</width>
		<height>375</height>
		<depth>3</depth>
	</size>
	<segmented>0</segmented>
	<object>
		<name>dog</name>
		<pose>Frontal</pose>
		<truncated>1</truncated>
		<occluded>1</occluded>
		<bndbox>
			<xmin>250</xmin>
			<ymin>39</ymin>
			<xmax>356</xmax>
			<ymax>211</ymax>
		</bndbox>
		<difficult>0</difficult>
	</object>
	<object>
		<name>person</name>
		<pose>Frontal</pose>
		<truncated>1</truncated>
		<occluded>1</occluded>
		<bndbox>
			<xmin>371</xmin>
			<ymin>1</ymin>
			<xmax>500</xmax>
			<ymax>226</ymax>
		</bndbox>
		<difficult>1</difficult>
	</object>
</annotation>
