<annotation>
	<folder>VOC2012</folder>
	<filename>2008_006482.jpg</filename>
	<source>
		<database>The VOC2008 Database</database>
		<annotation>PASCAL VOC2008</annotation>
		<image>flickr</image>
	</source>
	<size>
		<width>500</width>
		<height>411</height>
		<depth>3</depth>
	</size>
	<segmented>1</segmented>
	<object>
		<name>chair</name>
		<pose>Left</pose>
		<truncated>0</truncated>
		<occluded>0</occluded>
		<bndbox>
			<xmin>155</xmin>
			<ymin>321</ymin>
			<xmax>233</xmax>
			<ymax>411</ymax>
		</bndbox>
		<difficult>1</difficult>
	</object>
	<object>
		<name>diningtable</name>
		<pose>Unspecified</pose>
		<truncated>0</truncated>
		<occluded>0</occluded>
		<bndbox>
			<xmin>1</xmin>
			<ymin>341</ymin>
			<xmax>201</xmax>
			<ymax>411</ymax>
		</bndbox>
		<difficult>0</difficult>
	</object>
</annotation>
