<annotation>
	<folder>VOC2012</folder>
	<filename>2008_002425.jpg</filename>
	<source>
		<database>The VOC2008 Database</database>
		<annotation>PASCAL VOC2008</annotation>
		<image>flickr</image>
	</source>
	<size>
		<width>500</width>
		<height>333</height>
		<depth>3</depth>
	</size>
	<segmented>1</segmented>
	<object>
		<name>person</name>
		<pose>Frontal</pose>
		<truncated>1</truncated>
		<occluded>1</occluded>
		<bndbox>
			<xmin>102</xmin>
			<ymin>26</ymin>
			<xmax>235</xmax>
			<ymax>196</ymax>
		</bndbox>
		<difficult>0</difficult>
	</object>
</annotation>
