<annotation>
	<folder>VOC2012</folder>
	<filename>2008_006496.jpg</filename>
	<source>
		<database>The VOC2008 Database</database>
		<annotation>PASCAL VOC2008</annotation>
		<image>flickr</image>
	</source>
	<size>
		<width>500</width>
		<height>375</height>
		<depth>3</depth>
	</size>
	<segmented>0</segmented>
	<object>
		<name>cow</name>
		<pose>Frontal</pose>
		<truncated>0</truncated>
		<occluded>1</occluded>
		<bndbox>
			<xmin>214</xmin>
			<ymin>144</ymin>
			<xmax>345</xmax>
			<ymax>323</ymax>
		</bndbox>
		<difficult>0</difficult>
	</object>
	<object>
		<name>cow</name>
		<pose>Frontal</pose>
		<truncated>0</truncated>
		<occluded>1</occluded>
		<bndbox>
			<xmin>139</xmin>
			<ymin>115</ymin>
			<xmax>233</xmax>
			<ymax>238</ymax>
		</bndbox>
		<difficult>0</difficult>
	</object>
	<object>
		<name>person</name>
		<pose>Frontal</pose>
		<truncated>1</truncated>
		<occluded>0</occluded>
		<bndbox>
			<xmin>278</xmin>
			<ymin>49</ymin>
			<xmax>313</xmax>
			<ymax>104</ymax>
		</bndbox>
		<difficult>0</difficult>
	</object>
</annotation>
