<annotation>
	<folder>VOC2012</folder>
	<filename>2008_000583.jpg</filename>
	<source>
		<database>The VOC2008 Database</database>
		<annotation>PASCAL VOC2008</annotation>
		<image>flickr</image>
	</source>
	<size>
		<width>500</width>
		<height>326</height>
		<depth>3</depth>
	</size>
	<segmented>0</segmented>
	<object>
		<name>person</name>
		<pose>Frontal</pose>
		<truncated>0</truncated>
		<occluded>0</occluded>
		<bndbox>
			<xmin>213</xmin>
			<ymin>100</ymin>
			<xmax>272</xmax>
			<ymax>300</ymax>
		</bndbox>
		<difficult>0</difficult>
	</object>
	<object>
		<name>person</name>
		<pose>Frontal</pose>
		<truncated>0</truncated>
		<occluded>1</occluded>
		<bndbox>
			<xmin>248</xmin>
			<ymin>88</ymin>
			<xmax>310</xmax>
			<ymax>289</ymax>
		</bndbox>
		<difficult>0</difficult>
	</object>
	<object>
		<name>car</name>
		<pose>Unspecified</pose>
		<truncated>0</truncated>
		<occluded>1</occluded>
		<bndbox>
			<xmin>353</xmin>
			<ymin>118</ymin>
			<xmax>411</xmax>
			<ymax>144</ymax>
		</bndbox>
		<difficult>0</difficult>
	</object>
	<object>
		<name>motorbike</name>
		<pose>Left</pose>
		<truncated>0</truncated>
		<occluded>0</occluded>
		<bndbox>
			<xmin>418</xmin>
			<ymin>126</ymin>
			<xmax>454</xmax>
			<ymax>146</ymax>
		</bndbox>
		<difficult>1</difficult>
	</object>
</annotation>
