<annotation>
	<folder>VOC2012</folder>
	<filename>2008_003049.jpg</filename>
	<source>
		<database>The VOC2008 Database</database>
		<annotation>PASCAL VOC2008</annotation>
		<image>flickr</image>
	</source>
	<size>
		<width>333</width>
		<height>500</height>
		<depth>3</depth>
	</size>
	<segmented>0</segmented>
	<object>
		<name>bird</name>
		<pose>Right</pose>
		<truncated>0</truncated>
		<occluded>0</occluded>
		<bndbox>
			<xmin>140</xmin>
			<ymin>203</ymin>
			<xmax>189</xmax>
			<ymax>283</ymax>
		</bndbox>
		<difficult>0</difficult>
	</object>
</annotation>
