<annotation>
	<folder>VOC2012</folder>
	<filename>2008_005558.jpg</filename>
	<source>
		<database>The VOC2008 Database</database>
		<annotation>PASCAL VOC2008</annotation>
		<image>flickr</image>
	</source>
	<size>
		<width>422</width>
		<height>500</height>
		<depth>3</depth>
	</size>
	<segmented>0</segmented>
	<object>
		<name>horse</name>
		<pose>Left</pose>
		<truncated>0</truncated>
		<occluded>1</occluded>
		<bndbox>
			<xmin>62</xmin>
			<ymin>187</ymin>
			<xmax>389</xmax>
			<ymax>410</ymax>
		</bndbox>
		<difficult>0</difficult>
	</object>
	<object>
		<name>person</name>
		<pose>Left</pose>
		<truncated>0</truncated>
		<occluded>1</occluded>
		<bndbox>
			<xmin>136</xmin>
			<ymin>79</ymin>
			<xmax>231</xmax>
			<ymax>272</ymax>
		</bndbox>
		<difficult>0</difficult>
	</object>
</annotation>
