<annotation>
	<folder>VOC2012</folder>
	<filename>2008_008097.jpg</filename>
	<source>
		<database>The VOC2008 Database</database>
		<annotation>PASCAL VOC2008</annotation>
		<image>flickr</image>
	</source>
	<size>
		<width>500</width>
		<height>333</height>
		<depth>3</depth>
	</size>
	<segmented>0</segmented>
	<object>
		<name>car</name>
		<pose>Right</pose>
		<truncated>1</truncated>
		<occluded>0</occluded>
		<bndbox>
			<xmin>424</xmin>
			<ymin>105</ymin>
			<xmax>500</xmax>
			<ymax>194</ymax>
		</bndbox>
		<difficult>0</difficult>
	</object>
	<object>
		<name>bicycle</name>
		<pose>Right</pose>
		<truncated>0</truncated>
		<occluded>1</occluded>
		<bndbox>
			<xmin>163</xmin>
			<ymin>180</ymin>
			<xmax>374</xmax>
			<ymax>288</ymax>
		</bndbox>
		<difficult>0</difficult>
	</object>
	<object>
		<name>motorbike</name>
		<pose>Left</pose>
		<truncated>0</truncated>
		<occluded>1</occluded>
		<bndbox>
			<xmin>364</xmin>
			<ymin>96</ymin>
			<xmax>438</xmax>
			<ymax>136</ymax>
		</bndbox>
		<difficult>0</difficult>
	</object>
	<object>
		<name>person</name>
		<pose>Left</pose>
		<truncated>0</truncated>
		<occluded>1</occluded>
		<bndbox>
			<xmin>383</xmin>
			<ymin>80</ymin>
			<xmax>416</xmax>
			<ymax>125</ymax>
		</bndbox>
		<difficult>0</difficult>
	</object>
	<object>
		<name>person</name>
		<pose>Right</pose>
		<truncated>0</truncated>
		<occluded>1</occluded>
		<bndbox>
			<xmin>244</xmin>
			<ymin>115</ymin>
			<xmax>325</xmax>
			<ymax>272</ymax>
		</bndbox>
		<difficult>0</difficult>
	</object>
	<object>
		<name>bus</name>
		<pose>Unspecified</pose>
		<truncated>1</truncated>
		<occluded>0</occluded>
		<bndbox>
			<xmin>1</xmin>
			<ymin>49</ymin>
			<xmax>103</xmax>
			<ymax>178</ymax>
		</bndbox>
		<difficult>1</difficult>
	</object>
	<object>
		<name>bus</name>
		<pose>Right</pose>
		<truncated>1</truncated>
		<occluded>1</occluded>
		<bndbox>
			<xmin>77</xmin>
			<ymin>55</ymin>
			<xmax>193</xmax>
			<ymax>104</ymax>
		</bndbox>
		<difficult>0</difficult>
	</object>
	<object>
		<name>bus</name>
		<pose>Left</pose>
		<truncated>0</truncated>
		<occluded>1</occluded>
		<bndbox>
			<xmin>324</xmin>
			<ymin>18</ymin>
			<xmax>500</xmax>
			<ymax>109</ymax>
		</bndbox>
		<difficult>0</difficult>
	</object>
	<object>
		<name>car</name>
		<pose>Left</pose>
		<truncated>0</truncated>
		<occluded>1</occluded>
		<bndbox>
			<xmin>119</xmin>
			<ymin>81</ymin>
			<xmax>206</xmax>
			<ymax>111</ymax>
		</bndbox>
		<difficult>0</difficult>
	</object>
	<object>
		<name>car</name>
		<pose>Right</pose>
		<truncated>0</truncated>
		<occluded>1</occluded>
		<bndbox>
			<xmin>224</xmin>
			<ymin>75</ymin>
			<xmax>257</xmax>
			<ymax>93</ymax>
		</bndbox>
		<difficult>0</difficult>
	</object>
	<object>
		<name>car</name>
		<pose>Left</pose>
		<truncated>1</truncated>
		<occluded>1</occluded>
		<bndbox>
			<xmin>195</xmin>
			<ymin>69</ymin>
			<xmax>236</xmax>
			<ymax>92</ymax>
		</bndbox>
		<difficult>1</difficult>
	</object>
	<object>
		<name>car</name>
		<pose>Left</pose>
		<truncated>1</truncated>
		<occluded>1</occluded>
		<bndbox>
			<xmin>249</xmin>
			<ymin>75</ymin>
			<xmax>280</xmax>
			<ymax>90</ymax>
		</bndbox>
		<difficult>1</difficult>
	</object>
	<object>
		<name>car</name>
		<pose>Left</pose>
		<truncated>1</truncated>
		<occluded>1</occluded>
		<bndbox>
			<xmin>266</xmin>
			<ymin>78</ymin>
			<xmax>281</xmax>
			<ymax>92</ymax>
		</bndbox>
		<difficult>1</difficult>
	</object>
	<object>
		<name>car</name>
		<pose>Left</pose>
		<truncated>1</truncated>
		<occluded>1</occluded>
		<bndbox>
			<xmin>292</xmin>
			<ymin>70</ymin>
			<xmax>313</xmax>
			<ymax>91</ymax>
		</bndbox>
		<difficult>1</difficult>
	</object>
	<object>
		<name>car</name>
		<pose>Left</pose>
		<truncated>1</truncated>
		<occluded>1</occluded>
		<bndbox>
			<xmin>307</xmin>
			<ymin>73</ymin>
			<xmax>327</xmax>
			<ymax>90</ymax>
		</bndbox>
		<difficult>1</difficult>
	</object>
</annotation>
