<annotation>
	<folder>VOC2012</folder>
	<filename>2008_007011.jpg</filename>
	<source>
		<database>The VOC2008 Database</database>
		<annotation>PASCAL VOC2008</annotation>
		<image>flickr</image>
	</source>
	<size>
		<width>500</width>
		<height>330</height>
		<depth>3</depth>
	</size>
	<segmented>1</segmented>
	<object>
		<name>train</name>
		<pose>Unspecified</pose>
		<truncated>0</truncated>
		<occluded>0</occluded>
		<bndbox>
			<xmin>22</xmin>
			<ymin>100</ymin>
			<xmax>425</xmax>
			<ymax>260</ymax>
		</bndbox>
		<difficult>0</difficult>
	</object>
</annotation>
