<annotation>
	<folder>VOC2012</folder>
	<filename>2008_002784.jpg</filename>
	<source>
		<database>The VOC2008 Database</database>
		<annotation>PASCAL VOC2008</annotation>
		<image>flickr</image>
	</source>
	<size>
		<width>375</width>
		<height>500</height>
		<depth>3</depth>
	</size>
	<segmented>0</segmented>
	<object>
		<name>bird</name>
		<pose>Left</pose>
		<truncated>0</truncated>
		<occluded>0</occluded>
		<bndbox>
			<xmin>113</xmin>
			<ymin>172</ymin>
			<xmax>244</xmax>
			<ymax>422</ymax>
		</bndbox>
		<difficult>0</difficult>
	</object>
</annotation>
