<annotation>
	<folder>VOC2012</folder>
	<filename>2008_001448.jpg</filename>
	<source>
		<database>The VOC2008 Database</database>
		<annotation>PASCAL VOC2008</annotation>
		<image>flickr</image>
	</source>
	<size>
		<width>500</width>
		<height>274</height>
		<depth>3</depth>
	</size>
	<segmented>0</segmented>
	<object>
		<name>aeroplane</name>
		<pose>Rear</pose>
		<truncated>0</truncated>
		<occluded>0</occluded>
		<bndbox>
			<xmin>332</xmin>
			<ymin>126</ymin>
			<xmax>469</xmax>
			<ymax>169</ymax>
		</bndbox>
		<difficult>0</difficult>
	</object>
	<object>
		<name>aeroplane</name>
		<pose>Rear</pose>
		<truncated>0</truncated>
		<occluded>0</occluded>
		<bndbox>
			<xmin>1</xmin>
			<ymin>89</ymin>
			<xmax>298</xmax>
			<ymax>169</ymax>
		</bndbox>
		<difficult>0</difficult>
	</object>
</annotation>
