<annotation>
	<folder>VOC2012</folder>
	<filename>2008_003854.jpg</filename>
	<source>
		<database>The VOC2008 Database</database>
		<annotation>PASCAL VOC2008</annotation>
		<image>flickr</image>
	</source>
	<size>
		<width>500</width>
		<height>375</height>
		<depth>3</depth>
	</size>
	<segmented>0</segmented>
	<object>
		<name>person</name>
		<pose>Right</pose>
		<truncated>0</truncated>
		<occluded>0</occluded>
		<bndbox>
			<xmin>394</xmin>
			<ymin>190</ymin>
			<xmax>440</xmax>
			<ymax>263</ymax>
		</bndbox>
		<difficult>0</difficult>
	</object>
	<object>
		<name>car</name>
		<pose>Right</pose>
		<truncated>1</truncated>
		<occluded>1</occluded>
		<bndbox>
			<xmin>324</xmin>
			<ymin>142</ymin>
			<xmax>438</xmax>
			<ymax>216</ymax>
		</bndbox>
		<difficult>0</difficult>
	</object>
</annotation>
