<annotation>
	<folder>VOC2012</folder>
	<filename>2008_006910.jpg</filename>
	<source>
		<database>The VOC2008 Database</database>
		<annotation>PASCAL VOC2008</annotation>
		<image>flickr</image>
	</source>
	<size>
		<width>500</width>
		<height>375</height>
		<depth>3</depth>
	</size>
	<segmented>0</segmented>
	<object>
		<name>cat</name>
		<pose>Frontal</pose>
		<truncated>0</truncated>
		<occluded>1</occluded>
		<bndbox>
			<xmin>157</xmin>
			<ymin>89</ymin>
			<xmax>286</xmax>
			<ymax>206</ymax>
		</bndbox>
		<difficult>0</difficult>
	</object>
</annotation>
