<annotation>
	<folder>VOC2012</folder>
	<filename>2008_008450.jpg</filename>
	<source>
		<database>The VOC2008 Database</database>
		<annotation>PASCAL VOC2008</annotation>
		<image>flickr</image>
	</source>
	<size>
		<width>500</width>
		<height>375</height>
		<depth>3</depth>
	</size>
	<segmented>0</segmented>
	<object>
		<name>motorbike</name>
		<pose>Frontal</pose>
		<truncated>1</truncated>
		<occluded>0</occluded>
		<bndbox>
			<xmin>441</xmin>
			<ymin>161</ymin>
			<xmax>500</xmax>
			<ymax>290</ymax>
		</bndbox>
		<difficult>1</difficult>
	</object>
	<object>
		<name>motorbike</name>
		<pose>Frontal</pose>
		<truncated>0</truncated>
		<occluded>0</occluded>
		<bndbox>
			<xmin>339</xmin>
			<ymin>130</ymin>
			<xmax>475</xmax>
			<ymax>342</ymax>
		</bndbox>
		<difficult>0</difficult>
	</object>
	<object>
		<name>motorbike</name>
		<pose>Frontal</pose>
		<truncated>0</truncated>
		<occluded>0</occluded>
		<bndbox>
			<xmin>155</xmin>
			<ymin>116</ymin>
			<xmax>302</xmax>
			<ymax>343</ymax>
		</bndbox>
		<difficult>0</difficult>
	</object>
	<object>
		<name>motorbike</name>
		<pose>Frontal</pose>
		<truncated>1</truncated>
		<occluded>0</occluded>
		<bndbox>
			<xmin>1</xmin>
			<ymin>138</ymin>
			<xmax>194</xmax>
			<ymax>319</ymax>
		</bndbox>
		<difficult>0</difficult>
	</object>
	<object>
		<name>person</name>
		<pose>Frontal</pose>
		<truncated>1</truncated>
		<occluded>1</occluded>
		<bndbox>
			<xmin>451</xmin>
			<ymin>125</ymin>
			<xmax>500</xmax>
			<ymax>188</ymax>
		</bndbox>
		<difficult>0</difficult>
	</object>
	<object>
		<name>person</name>
		<pose>Left</pose>
		<truncated>0</truncated>
		<occluded>0</occluded>
		<bndbox>
			<xmin>298</xmin>
			<ymin>124</ymin>
			<xmax>347</xmax>
			<ymax>239</ymax>
		</bndbox>
		<difficult>0</difficult>
		<part>
			<name>hand</name>
			<bndbox>
				<xmin>313</xmin>
				<ymin>176</ymin>
				<xmax>323</xmax>
				<ymax>188</ymax>
			</bndbox>
		</part>
		<part>
			<name>head</name>
			<bndbox>
				<xmin>309</xmin>
				<ymin>122</ymin>
				<xmax>324</xmax>
				<ymax>142</ymax>
			</bndbox>
		</part>
		<part>
			<name>foot</name>
			<bndbox>
				<xmin>297</xmin>
				<ymin>230</ymin>
				<xmax>316</xmax>
				<ymax>238</ymax>
			</bndbox>
		</part>
		<part>
			<name>foot</name>
			<bndbox>
				<xmin>334</xmin>
				<ymin>224</ymin>
				<xmax>346</xmax>
				<ymax>237</ymax>
			</bndbox>
		</part>
	</object>
	<object>
		<name>person</name>
		<pose>Left</pose>
		<truncated>1</truncated>
		<occluded>1</occluded>
		<bndbox>
			<xmin>174</xmin>
			<ymin>117</ymin>
			<xmax>210</xmax>
			<ymax>229</ymax>
		</bndbox>
		<difficult>0</difficult>
		<part>
			<name>head</name>
			<bndbox>
				<xmin>184</xmin>
				<ymin>115</ymin>
				<xmax>199</xmax>
				<ymax>132</ymax>
			</bndbox>
		</part>
		<part>
			<name>hand</name>
			<bndbox>
				<xmin>191</xmin>
				<ymin>171</ymin>
				<xmax>199</xmax>
				<ymax>184</ymax>
			</bndbox>
		</part>
	</object>
</annotation>
