<annotation>
	<folder>VOC2012</folder>
	<filename>2008_008083.jpg</filename>
	<source>
		<database>The VOC2008 Database</database>
		<annotation>PASCAL VOC2008</annotation>
		<image>flickr</image>
	</source>
	<size>
		<width>333</width>
		<height>500</height>
		<depth>3</depth>
	</size>
	<segmented>0</segmented>
	<object>
		<name>boat</name>
		<pose>Right</pose>
		<truncated>1</truncated>
		<occluded>1</occluded>
		<bndbox>
			<xmin>145</xmin>
			<ymin>167</ymin>
			<xmax>333</xmax>
			<ymax>263</ymax>
		</bndbox>
		<difficult>0</difficult>
	</object>
	<object>
		<name>person</name>
		<pose>Frontal</pose>
		<truncated>0</truncated>
		<occluded>1</occluded>
		<bndbox>
			<xmin>127</xmin>
			<ymin>55</ymin>
			<xmax>277</xmax>
			<ymax>209</ymax>
		</bndbox>
		<difficult>0</difficult>
		<part>
			<name>head</name>
			<bndbox>
				<xmin>216</xmin>
				<ymin>57</ymin>
				<xmax>259</xmax>
				<ymax>103</ymax>
			</bndbox>
		</part>
		<part>
			<name>hand</name>
			<bndbox>
				<xmin>128</xmin>
				<ymin>175</ymin>
				<xmax>145</xmax>
				<ymax>197</ymax>
			</bndbox>
		</part>
		<part>
			<name>hand</name>
			<bndbox>
				<xmin>193</xmin>
				<ymin>107</ymin>
				<xmax>220</xmax>
				<ymax>129</ymax>
			</bndbox>
		</part>
		<part>
			<name>foot</name>
			<bndbox>
				<xmin>194</xmin>
				<ymin>195</ymin>
				<xmax>225</xmax>
				<ymax>213</ymax>
			</bndbox>
		</part>
		<part>
			<name>foot</name>
			<bndbox>
				<xmin>253</xmin>
				<ymin>194</ymin>
				<xmax>279</xmax>
				<ymax>212</ymax>
			</bndbox>
		</part>
	</object>
</annotation>
