<annotation>
	<folder>VOC2012</folder>
	<filename>2008_008685.jpg</filename>
	<source>
		<database>The VOC2008 Database</database>
		<annotation>PASCAL VOC2008</annotation>
		<image>flickr</image>
	</source>
	<size>
		<width>500</width>
		<height>375</height>
		<depth>3</depth>
	</size>
	<segmented>0</segmented>
	<object>
		<name>cow</name>
		<pose>Right</pose>
		<truncated>0</truncated>
		<occluded>0</occluded>
		<bndbox>
			<xmin>144</xmin>
			<ymin>149</ymin>
			<xmax>341</xmax>
			<ymax>313</ymax>
		</bndbox>
		<difficult>0</difficult>
	</object>
	<object>
		<name>cow</name>
		<pose>Right</pose>
		<truncated>0</truncated>
		<occluded>1</occluded>
		<bndbox>
			<xmin>151</xmin>
			<ymin>110</ymin>
			<xmax>382</xmax>
			<ymax>281</ymax>
		</bndbox>
		<difficult>0</difficult>
	</object>
</annotation>
