<annotation>
	<folder>VOC2012</folder>
	<filename>2008_000795.jpg</filename>
	<source>
		<database>The VOC2008 Database</database>
		<annotation>PASCAL VOC2008</annotation>
		<image>flickr</image>
	</source>
	<size>
		<width>500</width>
		<height>332</height>
		<depth>3</depth>
	</size>
	<segmented>1</segmented>
	<object>
		<name>person</name>
		<pose>Frontal</pose>
		<truncated>1</truncated>
		<occluded>0</occluded>
		<bndbox>
			<xmin>1</xmin>
			<ymin>82</ymin>
			<xmax>232</xmax>
			<ymax>332</ymax>
		</bndbox>
		<difficult>0</difficult>
	</object>
	<object>
		<name>person</name>
		<pose>Frontal</pose>
		<truncated>1</truncated>
		<occluded>1</occluded>
		<bndbox>
			<xmin>187</xmin>
			<ymin>94</ymin>
			<xmax>323</xmax>
			<ymax>332</ymax>
		</bndbox>
		<difficult>0</difficult>
	</object>
	<object>
		<name>person</name>
		<pose>Frontal</pose>
		<truncated>1</truncated>
		<occluded>0</occluded>
		<bndbox>
			<xmin>291</xmin>
			<ymin>126</ymin>
			<xmax>500</xmax>
			<ymax>331</ymax>
		</bndbox>
		<difficult>0</difficult>
	</object>
	<object>
		<name>bottle</name>
		<pose>Unspecified</pose>
		<truncated>1</truncated>
		<occluded>0</occluded>
		<bndbox>
			<xmin>216</xmin>
			<ymin>291</ymin>
			<xmax>252</xmax>
			<ymax>332</ymax>
		</bndbox>
		<difficult>0</difficult>
	</object>
</annotation>
