<annotation>
	<folder>VOC2012</folder>
	<filename>2008_008040.jpg</filename>
	<source>
		<database>The VOC2008 Database</database>
		<annotation>PASCAL VOC2008</annotation>
		<image>flickr</image>
	</source>
	<size>
		<width>500</width>
		<height>333</height>
		<depth>3</depth>
	</size>
	<segmented>0</segmented>
	<object>
		<name>horse</name>
		<pose>Left</pose>
		<truncated>0</truncated>
		<occluded>1</occluded>
		<bndbox>
			<xmin>182</xmin>
			<ymin>93</ymin>
			<xmax>411</xmax>
			<ymax>248</ymax>
		</bndbox>
		<difficult>0</difficult>
	</object>
	<object>
		<name>person</name>
		<pose>Left</pose>
		<truncated>0</truncated>
		<occluded>0</occluded>
		<bndbox>
			<xmin>243</xmin>
			<ymin>65</ymin>
			<xmax>318</xmax>
			<ymax>174</ymax>
		</bndbox>
		<difficult>0</difficult>
	</object>
	<object>
		<name>person</name>
		<pose>Frontal</pose>
		<truncated>1</truncated>
		<occluded>1</occluded>
		<bndbox>
			<xmin>217</xmin>
			<ymin>151</ymin>
			<xmax>256</xmax>
			<ymax>229</ymax>
		</bndbox>
		<difficult>1</difficult>
	</object>
</annotation>
