<annotation>
	<folder>VOC2012</folder>
	<filename>2008_006253.jpg</filename>
	<source>
		<database>The VOC2008 Database</database>
		<annotation>PASCAL VOC2008</annotation>
		<image>flickr</image>
	</source>
	<size>
		<width>428</width>
		<height>500</height>
		<depth>3</depth>
	</size>
	<segmented>0</segmented>
	<object>
		<name>bicycle</name>
		<pose>Unspecified</pose>
		<truncated>0</truncated>
		<occluded>1</occluded>
		<bndbox>
			<xmin>102</xmin>
			<ymin>200</ymin>
			<xmax>383</xmax>
			<ymax>478</ymax>
		</bndbox>
		<difficult>0</difficult>
	</object>
	<object>
		<name>person</name>
		<pose>Unspecified</pose>
		<truncated>0</truncated>
		<occluded>1</occluded>
		<bndbox>
			<xmin>118</xmin>
			<ymin>19</ymin>
			<xmax>328</xmax>
			<ymax>434</ymax>
		</bndbox>
		<difficult>0</difficult>
	</object>
</annotation>
