<annotation>
	<folder>VOC2012</folder>
	<filename>2008_007993.jpg</filename>
	<source>
		<database>The VOC2008 Database</database>
		<annotation>PASCAL VOC2008</annotation>
		<image>flickr</image>
	</source>
	<size>
		<width>500</width>
		<height>418</height>
		<depth>3</depth>
	</size>
	<segmented>0</segmented>
	<object>
		<name>bicycle</name>
		<pose>Unspecified</pose>
		<truncated>0</truncated>
		<occluded>0</occluded>
		<bndbox>
			<xmin>77</xmin>
			<ymin>121</ymin>
			<xmax>452</xmax>
			<ymax>392</ymax>
		</bndbox>
		<difficult>0</difficult>
	</object>
	<object>
		<name>person</name>
		<pose>Unspecified</pose>
		<truncated>0</truncated>
		<occluded>1</occluded>
		<bndbox>
			<xmin>47</xmin>
			<ymin>63</ymin>
			<xmax>238</xmax>
			<ymax>311</ymax>
		</bndbox>
		<difficult>0</difficult>
	</object>
</annotation>
