<annotation>
	<folder>VOC2012</folder>
	<filename>2008_006737.jpg</filename>
	<source>
		<database>The VOC2008 Database</database>
		<annotation>PASCAL VOC2008</annotation>
		<image>flickr</image>
	</source>
	<size>
		<width>500</width>
		<height>375</height>
		<depth>3</depth>
	</size>
	<segmented>0</segmented>
	<object>
		<name>sofa</name>
		<pose>Frontal</pose>
		<truncated>0</truncated>
		<occluded>0</occluded>
		<bndbox>
			<xmin>166</xmin>
			<ymin>167</ymin>
			<xmax>451</xmax>
			<ymax>356</ymax>
		</bndbox>
		<difficult>0</difficult>
	</object>
	<object>
		<name>sofa</name>
		<pose>Right</pose>
		<truncated>1</truncated>
		<occluded>0</occluded>
		<bndbox>
			<xmin>1</xmin>
			<ymin>219</ymin>
			<xmax>110</xmax>
			<ymax>375</ymax>
		</bndbox>
		<difficult>0</difficult>
	</object>
	<object>
		<name>sofa</name>
		<pose>Right</pose>
		<truncated>0</truncated>
		<occluded>1</occluded>
		<bndbox>
			<xmin>25</xmin>
			<ymin>165</ymin>
			<xmax>155</xmax>
			<ymax>243</ymax>
		</bndbox>
		<difficult>1</difficult>
	</object>
	<object>
		<name>sofa</name>
		<pose>Frontal</pose>
		<truncated>0</truncated>
		<occluded>1</occluded>
		<bndbox>
			<xmin>161</xmin>
			<ymin>159</ymin>
			<xmax>294</xmax>
			<ymax>214</ymax>
		</bndbox>
		<difficult>1</difficult>
	</object>
	<object>
		<name>sofa</name>
		<pose>Left</pose>
		<truncated>0</truncated>
		<occluded>1</occluded>
		<bndbox>
			<xmin>379</xmin>
			<ymin>157</ymin>
			<xmax>498</xmax>
			<ymax>242</ymax>
		</bndbox>
		<difficult>1</difficult>
	</object>
</annotation>
