<annotation>
	<folder>VOC2012</folder>
	<filename>2008_001306.jpg</filename>
	<source>
		<database>The VOC2008 Database</database>
		<annotation>PASCAL VOC2008</annotation>
		<image>flickr</image>
	</source>
	<size>
		<width>333</width>
		<height>500</height>
		<depth>3</depth>
	</size>
	<segmented>0</segmented>
	<object>
		<name>person</name>
		<pose>Frontal</pose>
		<truncated>0</truncated>
		<occluded>0</occluded>
		<bndbox>
			<xmin>92</xmin>
			<ymin>123</ymin>
			<xmax>184</xmax>
			<ymax>294</ymax>
		</bndbox>
		<difficult>0</difficult>
		<part>
			<name>head</name>
			<bndbox>
				<xmin>138</xmin>
				<ymin>151</ymin>
				<xmax>153</xmax>
				<ymax>172</ymax>
			</bndbox>
		</part>
		<part>
			<name>hand</name>
			<bndbox>
				<xmin>167</xmin>
				<ymin>126</ymin>
				<xmax>184</xmax>
				<ymax>148</ymax>
			</bndbox>
		</part>
		<part>
			<name>hand</name>
			<bndbox>
				<xmin>90</xmin>
				<ymin>150</ymin>
				<xmax>105</xmax>
				<ymax>161</ymax>
			</bndbox>
		</part>
		<part>
			<name>foot</name>
			<bndbox>
				<xmin>107</xmin>
				<ymin>274</ymin>
				<xmax>117</xmax>
				<ymax>288</ymax>
			</bndbox>
		</part>
		<part>
			<name>foot</name>
			<bndbox>
				<xmin>116</xmin>
				<ymin>279</ymin>
				<xmax>129</xmax>
				<ymax>292</ymax>
			</bndbox>
		</part>
	</object>
	<object>
		<name>person</name>
		<pose>Left</pose>
		<truncated>1</truncated>
		<occluded>1</occluded>
		<bndbox>
			<xmin>90</xmin>
			<ymin>230</ymin>
			<xmax>159</xmax>
			<ymax>298</ymax>
		</bndbox>
		<difficult>0</difficult>
	</object>
	<object>
		<name>person</name>
		<pose>Right</pose>
		<truncated>1</truncated>
		<occluded>0</occluded>
		<bndbox>
			<xmin>269</xmin>
			<ymin>169</ymin>
			<xmax>333</xmax>
			<ymax>283</ymax>
		</bndbox>
		<difficult>0</difficult>
	</object>
</annotation>
