<annotation>
	<folder>VOC2012</folder>
	<filename>2008_003840.jpg</filename>
	<source>
		<database>The VOC2008 Database</database>
		<annotation>PASCAL VOC2008</annotation>
		<image>flickr</image>
	</source>
	<size>
		<width>500</width>
		<height>375</height>
		<depth>3</depth>
	</size>
	<segmented>0</segmented>
	<object>
		<name>boat</name>
		<pose>Frontal</pose>
		<truncated>0</truncated>
		<occluded>0</occluded>
		<bndbox>
			<xmin>386</xmin>
			<ymin>151</ymin>
			<xmax>407</xmax>
			<ymax>179</ymax>
		</bndbox>
		<difficult>1</difficult>
	</object>
	<object>
		<name>boat</name>
		<pose>Frontal</pose>
		<truncated>0</truncated>
		<occluded>0</occluded>
		<bndbox>
			<xmin>331</xmin>
			<ymin>146</ymin>
			<xmax>348</xmax>
			<ymax>173</ymax>
		</bndbox>
		<difficult>1</difficult>
	</object>
	<object>
		<name>boat</name>
		<pose>Frontal</pose>
		<truncated>0</truncated>
		<occluded>0</occluded>
		<bndbox>
			<xmin>278</xmin>
			<ymin>156</ymin>
			<xmax>298</xmax>
			<ymax>175</ymax>
		</bndbox>
		<difficult>1</difficult>
	</object>
	<object>
		<name>boat</name>
		<pose>Unspecified</pose>
		<truncated>0</truncated>
		<occluded>0</occluded>
		<bndbox>
			<xmin>6</xmin>
			<ymin>166</ymin>
			<xmax>63</xmax>
			<ymax>190</ymax>
		</bndbox>
		<difficult>0</difficult>
	</object>
	<object>
		<name>boat</name>
		<pose>Unspecified</pose>
		<truncated>0</truncated>
		<occluded>0</occluded>
		<bndbox>
			<xmin>101</xmin>
			<ymin>161</ymin>
			<xmax>142</xmax>
			<ymax>177</ymax>
		</bndbox>
		<difficult>1</difficult>
	</object>
	<object>
		<name>boat</name>
		<pose>Unspecified</pose>
		<truncated>1</truncated>
		<occluded>0</occluded>
		<bndbox>
			<xmin>1</xmin>
			<ymin>1</ymin>
			<xmax>413</xmax>
			<ymax>375</ymax>
		</bndbox>
		<difficult>0</difficult>
	</object>
	<object>
		<name>person</name>
		<pose>Left</pose>
		<truncated>0</truncated>
		<occluded>0</occluded>
		<bndbox>
			<xmin>327</xmin>
			<ymin>288</ymin>
			<xmax>350</xmax>
			<ymax>375</ymax>
		</bndbox>
		<difficult>0</difficult>
	</object>
	<object>
		<name>person</name>
		<pose>Rear</pose>
		<truncated>0</truncated>
		<occluded>0</occluded>
		<bndbox>
			<xmin>282</xmin>
			<ymin>294</ymin>
			<xmax>311</xmax>
			<ymax>369</ymax>
		</bndbox>
		<difficult>0</difficult>
	</object>
	<object>
		<name>person</name>
		<pose>Rear</pose>
		<truncated>1</truncated>
		<occluded>0</occluded>
		<bndbox>
			<xmin>416</xmin>
			<ymin>347</ymin>
			<xmax>447</xmax>
			<ymax>375</ymax>
		</bndbox>
		<difficult>0</difficult>
	</object>
	<object>
		<name>person</name>
		<pose>Left</pose>
		<truncated>1</truncated>
		<occluded>0</occluded>
		<bndbox>
			<xmin>390</xmin>
			<ymin>341</ymin>
			<xmax>410</xmax>
			<ymax>375</ymax>
		</bndbox>
		<difficult>1</difficult>
	</object>
	<object>
		<name>person</name>
		<pose>Unspecified</pose>
		<truncated>1</truncated>
		<occluded>0</occluded>
		<bndbox>
			<xmin>368</xmin>
			<ymin>342</ymin>
			<xmax>384</xmax>
			<ymax>375</ymax>
		</bndbox>
		<difficult>1</difficult>
	</object>
</annotation>
