<annotation>
	<folder>VOC2012</folder>
	<filename>2008_004646.jpg</filename>
	<source>
		<database>The VOC2008 Database</database>
		<annotation>PASCAL VOC2008</annotation>
		<image>flickr</image>
	</source>
	<size>
		<width>500</width>
		<height>333</height>
		<depth>3</depth>
	</size>
	<segmented>0</segmented>
	<object>
		<name>aeroplane</name>
		<pose>Unspecified</pose>
		<truncated>1</truncated>
		<occluded>0</occluded>
		<bndbox>
			<xmin>96</xmin>
			<ymin>1</ymin>
			<xmax>500</xmax>
			<ymax>333</ymax>
		</bndbox>
		<difficult>0</difficult>
	</object>
	<object>
		<name>aeroplane</name>
		<pose>Unspecified</pose>
		<truncated>1</truncated>
		<occluded>1</occluded>
		<bndbox>
			<xmin>1</xmin>
			<ymin>48</ymin>
			<xmax>268</xmax>
			<ymax>134</ymax>
		</bndbox>
		<difficult>0</difficult>
	</object>
	<object>
		<name>aeroplane</name>
		<pose>Left</pose>
		<truncated>1</truncated>
		<occluded>0</occluded>
		<bndbox>
			<xmin>127</xmin>
			<ymin>1</ymin>
			<xmax>369</xmax>
			<ymax>52</ymax>
		</bndbox>
		<difficult>0</difficult>
	</object>
	<object>
		<name>aeroplane</name>
		<pose>Unspecified</pose>
		<truncated>1</truncated>
		<occluded>0</occluded>
		<bndbox>
			<xmin>386</xmin>
			<ymin>116</ymin>
			<xmax>500</xmax>
			<ymax>153</ymax>
		</bndbox>
		<difficult>0</difficult>
	</object>
	<object>
		<name>aeroplane</name>
		<pose>Unspecified</pose>
		<truncated>1</truncated>
		<occluded>1</occluded>
		<bndbox>
			<xmin>1</xmin>
			<ymin>124</ymin>
			<xmax>156</xmax>
			<ymax>309</ymax>
		</bndbox>
		<difficult>0</difficult>
	</object>
	<object>
		<name>aeroplane</name>
		<pose>Left</pose>
		<truncated>1</truncated>
		<occluded>1</occluded>
		<bndbox>
			<xmin>245</xmin>
			<ymin>52</ymin>
			<xmax>358</xmax>
			<ymax>80</ymax>
		</bndbox>
		<difficult>1</difficult>
	</object>
	<object>
		<name>person</name>
		<pose>Frontal</pose>
		<truncated>0</truncated>
		<occluded>0</occluded>
		<bndbox>
			<xmin>427</xmin>
			<ymin>191</ymin>
			<xmax>441</xmax>
			<ymax>225</ymax>
		</bndbox>
		<difficult>0</difficult>
	</object>
	<object>
		<name>person</name>
		<pose>Unspecified</pose>
		<truncated>0</truncated>
		<occluded>0</occluded>
		<bndbox>
			<xmin>414</xmin>
			<ymin>186</ymin>
			<xmax>428</xmax>
			<ymax>213</ymax>
		</bndbox>
		<difficult>1</difficult>
	</object>
	<object>
		<name>person</name>
		<pose>Frontal</pose>
		<truncated>0</truncated>
		<occluded>1</occluded>
		<bndbox>
			<xmin>347</xmin>
			<ymin>158</ymin>
			<xmax>361</xmax>
			<ymax>186</ymax>
		</bndbox>
		<difficult>1</difficult>
	</object>
	<object>
		<name>person</name>
		<pose>Frontal</pose>
		<truncated>0</truncated>
		<occluded>1</occluded>
		<bndbox>
			<xmin>386</xmin>
			<ymin>187</ymin>
			<xmax>400</xmax>
			<ymax>209</ymax>
		</bndbox>
		<difficult>1</difficult>
	</object>
	<object>
		<name>person</name>
		<pose>Unspecified</pose>
		<truncated>1</truncated>
		<occluded>0</occluded>
		<bndbox>
			<xmin>371</xmin>
			<ymin>185</ymin>
			<xmax>380</xmax>
			<ymax>207</ymax>
		</bndbox>
		<difficult>1</difficult>
	</object>
	<object>
		<name>person</name>
		<pose>Unspecified</pose>
		<truncated>1</truncated>
		<occluded>0</occluded>
		<bndbox>
			<xmin>377</xmin>
			<ymin>179</ymin>
			<xmax>384</xmax>
			<ymax>191</ymax>
		</bndbox>
		<difficult>1</difficult>
	</object>
	<object>
		<name>person</name>
		<pose>Unspecified</pose>
		<truncated>1</truncated>
		<occluded>0</occluded>
		<bndbox>
			<xmin>382</xmin>
			<ymin>179</ymin>
			<xmax>392</xmax>
			<ymax>190</ymax>
		</bndbox>
		<difficult>1</difficult>
	</object>
	<object>
		<name>aeroplane</name>
		<pose>Unspecified</pose>
		<truncated>1</truncated>
		<occluded>1</occluded>
		<bndbox>
			<xmin>7</xmin>
			<ymin>19</ymin>
			<xmax>119</xmax>
			<ymax>63</ymax>
		</bndbox>
		<difficult>0</difficult>
	</object>
</annotation>
