<annotation>
	<folder>VOC2012</folder>
	<filename>2008_002419.jpg</filename>
	<source>
		<database>The VOC2008 Database</database>
		<annotation>PASCAL VOC2008</annotation>
		<image>flickr</image>
	</source>
	<size>
		<width>375</width>
		<height>500</height>
		<depth>3</depth>
	</size>
	<segmented>0</segmented>
	<object>
		<name>person</name>
		<pose>Frontal</pose>
		<truncated>1</truncated>
		<occluded>1</occluded>
		<bndbox>
			<xmin>44</xmin>
			<ymin>21</ymin>
			<xmax>337</xmax>
			<ymax>500</ymax>
		</bndbox>
		<difficult>0</difficult>
	</object>
	<object>
		<name>person</name>
		<pose>Frontal</pose>
		<truncated>1</truncated>
		<occluded>1</occluded>
		<bndbox>
			<xmin>1</xmin>
			<ymin>31</ymin>
			<xmax>159</xmax>
			<ymax>500</ymax>
		</bndbox>
		<difficult>0</difficult>
	</object>
</annotation>
