<annotation>
	<folder>VOC2012</folder>
	<filename>2008_000226.jpg</filename>
	<source>
		<database>The VOC2008 Database</database>
		<annotation>PASCAL VOC2008</annotation>
		<image>flickr</image>
	</source>
	<size>
		<width>500</width>
		<height>375</height>
		<depth>3</depth>
	</size>
	<segmented>1</segmented>
	<object>
		<name>person</name>
		<pose>Rear</pose>
		<truncated>0</truncated>
		<occluded>0</occluded>
		<bndbox>
			<xmin>386</xmin>
			<ymin>167</ymin>
			<xmax>407</xmax>
			<ymax>231</ymax>
		</bndbox>
		<difficult>0</difficult>
	</object>
	<object>
		<name>person</name>
		<pose>Left</pose>
		<truncated>0</truncated>
		<occluded>0</occluded>
		<bndbox>
			<xmin>310</xmin>
			<ymin>144</ymin>
			<xmax>335</xmax>
			<ymax>209</ymax>
		</bndbox>
		<difficult>0</difficult>
	</object>
	<object>
		<name>person</name>
		<pose>Right</pose>
		<truncated>0</truncated>
		<occluded>0</occluded>
		<bndbox>
			<xmin>284</xmin>
			<ymin>96</ymin>
			<xmax>306</xmax>
			<ymax>152</ymax>
		</bndbox>
		<difficult>0</difficult>
	</object>
	<object>
		<name>person</name>
		<pose>Frontal</pose>
		<truncated>1</truncated>
		<occluded>0</occluded>
		<bndbox>
			<xmin>311</xmin>
			<ymin>87</ymin>
			<xmax>334</xmax>
			<ymax>109</ymax>
		</bndbox>
		<difficult>0</difficult>
	</object>
	<object>
		<name>car</name>
		<pose>Right</pose>
		<truncated>0</truncated>
		<occluded>1</occluded>
		<bndbox>
			<xmin>152</xmin>
			<ymin>156</ymin>
			<xmax>303</xmax>
			<ymax>219</ymax>
		</bndbox>
		<difficult>0</difficult>
	</object>
</annotation>
