<annotation>
	<folder>VOC2012</folder>
	<filename>2008_005160.jpg</filename>
	<source>
		<database>The VOC2008 Database</database>
		<annotation>PASCAL VOC2008</annotation>
		<image>flickr</image>
	</source>
	<size>
		<width>500</width>
		<height>375</height>
		<depth>3</depth>
	</size>
	<segmented>0</segmented>
	<object>
		<name>dog</name>
		<pose>Unspecified</pose>
		<truncated>0</truncated>
		<occluded>0</occluded>
		<bndbox>
			<xmin>160</xmin>
			<ymin>19</ymin>
			<xmax>278</xmax>
			<ymax>348</ymax>
		</bndbox>
		<difficult>0</difficult>
	</object>
</annotation>
