<annotation>
	<folder>VOC2012</folder>
	<filename>2008_008487.jpg</filename>
	<source>
		<database>The VOC2008 Database</database>
		<annotation>PASCAL VOC2008</annotation>
		<image>flickr</image>
	</source>
	<size>
		<width>500</width>
		<height>375</height>
		<depth>3</depth>
	</size>
	<segmented>0</segmented>
	<object>
		<name>horse</name>
		<pose>Unspecified</pose>
		<truncated>0</truncated>
		<occluded>1</occluded>
		<bndbox>
			<xmin>71</xmin>
			<ymin>167</ymin>
			<xmax>235</xmax>
			<ymax>328</ymax>
		</bndbox>
		<difficult>0</difficult>
	</object>
	<object>
		<name>person</name>
		<pose>Left</pose>
		<truncated>0</truncated>
		<occluded>0</occluded>
		<bndbox>
			<xmin>307</xmin>
			<ymin>109</ymin>
			<xmax>371</xmax>
			<ymax>340</ymax>
		</bndbox>
		<difficult>0</difficult>
		<part>
			<name>head</name>
			<bndbox>
				<xmin>331</xmin>
				<ymin>109</ymin>
				<xmax>364</xmax>
				<ymax>152</ymax>
			</bndbox>
		</part>
		<part>
			<name>foot</name>
			<bndbox>
				<xmin>316</xmin>
				<ymin>309</ymin>
				<xmax>339</xmax>
				<ymax>321</ymax>
			</bndbox>
		</part>
		<part>
			<name>foot</name>
			<bndbox>
				<xmin>322</xmin>
				<ymin>324</ymin>
				<xmax>359</xmax>
				<ymax>341</ymax>
			</bndbox>
		</part>
	</object>
	<object>
		<name>person</name>
		<pose>Frontal</pose>
		<truncated>0</truncated>
		<occluded>1</occluded>
		<bndbox>
			<xmin>309</xmin>
			<ymin>125</ymin>
			<xmax>347</xmax>
			<ymax>217</ymax>
		</bndbox>
		<difficult>0</difficult>
		<part>
			<name>head</name>
			<bndbox>
				<xmin>318</xmin>
				<ymin>126</ymin>
				<xmax>340</xmax>
				<ymax>156</ymax>
			</bndbox>
		</part>
		<part>
			<name>foot</name>
			<bndbox>
				<xmin>309</xmin>
				<ymin>198</ymin>
				<xmax>322</xmax>
				<ymax>218</ymax>
			</bndbox>
		</part>
	</object>
</annotation>
