<annotation>
	<folder>VOC2012</folder>
	<filename>2008_003908.jpg</filename>
	<source>
		<database>The VOC2008 Database</database>
		<annotation>PASCAL VOC2008</annotation>
		<image>flickr</image>
	</source>
	<size>
		<width>374</width>
		<height>500</height>
		<depth>3</depth>
	</size>
	<segmented>0</segmented>
	<object>
		<name>person</name>
		<pose>Unspecified</pose>
		<truncated>1</truncated>
		<occluded>0</occluded>
		<bndbox>
			<xmin>47</xmin>
			<ymin>137</ymin>
			<xmax>357</xmax>
			<ymax>500</ymax>
		</bndbox>
		<difficult>0</difficult>
	</object>
	<object>
		<name>person</name>
		<pose>Frontal</pose>
		<truncated>1</truncated>
		<occluded>1</occluded>
		<bndbox>
			<xmin>165</xmin>
			<ymin>37</ymin>
			<xmax>346</xmax>
			<ymax>369</ymax>
		</bndbox>
		<difficult>0</difficult>
	</object>
	<object>
		<name>chair</name>
		<pose>Frontal</pose>
		<truncated>1</truncated>
		<occluded>0</occluded>
		<bndbox>
			<xmin>341</xmin>
			<ymin>262</ymin>
			<xmax>374</xmax>
			<ymax>360</ymax>
		</bndbox>
		<difficult>1</difficult>
	</object>
</annotation>
