<annotation>
	<folder>VOC2012</folder>
	<filename>2008_000756.jpg</filename>
	<source>
		<database>The VOC2008 Database</database>
		<annotation>PASCAL VOC2008</annotation>
		<image>flickr</image>
	</source>
	<size>
		<width>500</width>
		<height>322</height>
		<depth>3</depth>
	</size>
	<segmented>0</segmented>
	<object>
		<name>aeroplane</name>
		<pose>Right</pose>
		<truncated>0</truncated>
		<occluded>0</occluded>
		<bndbox>
			<xmin>368</xmin>
			<ymin>215</ymin>
			<xmax>476</xmax>
			<ymax>253</ymax>
		</bndbox>
		<difficult>0</difficult>
	</object>
	<object>
		<name>aeroplane</name>
		<pose>Right</pose>
		<truncated>1</truncated>
		<occluded>0</occluded>
		<bndbox>
			<xmin>1</xmin>
			<ymin>99</ymin>
			<xmax>425</xmax>
			<ymax>265</ymax>
		</bndbox>
		<difficult>0</difficult>
	</object>
</annotation>
