<annotation>
	<folder>VOC2012</folder>
	<filename>2008_008652.jpg</filename>
	<source>
		<database>The VOC2008 Database</database>
		<annotation>PASCAL VOC2008</annotation>
		<image>flickr</image>
	</source>
	<size>
		<width>336</width>
		<height>287</height>
		<depth>3</depth>
	</size>
	<segmented>0</segmented>
	<object>
		<name>bicycle</name>
		<pose>Right</pose>
		<truncated>0</truncated>
		<occluded>0</occluded>
		<bndbox>
			<xmin>5</xmin>
			<ymin>104</ymin>
			<xmax>336</xmax>
			<ymax>287</ymax>
		</bndbox>
		<difficult>0</difficult>
	</object>
	<object>
		<name>person</name>
		<pose>Right</pose>
		<truncated>0</truncated>
		<occluded>1</occluded>
		<bndbox>
			<xmin>57</xmin>
			<ymin>1</ymin>
			<xmax>196</xmax>
			<ymax>237</ymax>
		</bndbox>
		<difficult>0</difficult>
	</object>
</annotation>
