<annotation>
	<folder>VOC2012</folder>
	<filename>2008_004040.jpg</filename>
	<source>
		<database>The VOC2008 Database</database>
		<annotation>PASCAL VOC2008</annotation>
		<image>flickr</image>
	</source>
	<size>
		<width>500</width>
		<height>333</height>
		<depth>3</depth>
	</size>
	<segmented>0</segmented>
	<object>
		<name>person</name>
		<pose>Frontal</pose>
		<truncated>0</truncated>
		<occluded>1</occluded>
		<bndbox>
			<xmin>211</xmin>
			<ymin>135</ymin>
			<xmax>278</xmax>
			<ymax>286</ymax>
		</bndbox>
		<difficult>0</difficult>
	</object>
	<object>
		<name>person</name>
		<pose>Frontal</pose>
		<truncated>0</truncated>
		<occluded>1</occluded>
		<bndbox>
			<xmin>300</xmin>
			<ymin>142</ymin>
			<xmax>349</xmax>
			<ymax>293</ymax>
		</bndbox>
		<difficult>0</difficult>
	</object>
	<object>
		<name>bicycle</name>
		<pose>Left</pose>
		<truncated>0</truncated>
		<occluded>1</occluded>
		<bndbox>
			<xmin>274</xmin>
			<ymin>196</ymin>
			<xmax>402</xmax>
			<ymax>296</ymax>
		</bndbox>
		<difficult>0</difficult>
	</object>
	<object>
		<name>bicycle</name>
		<pose>Frontal</pose>
		<truncated>0</truncated>
		<occluded>1</occluded>
		<bndbox>
			<xmin>206</xmin>
			<ymin>204</ymin>
			<xmax>253</xmax>
			<ymax>299</ymax>
		</bndbox>
		<difficult>0</difficult>
	</object>
	<object>
		<name>person</name>
		<pose>Frontal</pose>
		<truncated>1</truncated>
		<occluded>1</occluded>
		<bndbox>
			<xmin>203</xmin>
			<ymin>160</ymin>
			<xmax>231</xmax>
			<ymax>195</ymax>
		</bndbox>
		<difficult>1</difficult>
	</object>
</annotation>
