<annotation>
	<filename>2009_002887.jpg</filename>
	<folder>VOC2012</folder>
	<object>
		<name>train</name>
		<bndbox>
			<xmax>498</xmax>
			<xmin>218</xmin>
			<ymax>182</ymax>
			<ymin>3</ymin>
		</bndbox>
		<difficult>0</difficult>
		<occluded>0</occluded>
		<pose>Unspecified</pose>
		<truncated>1</truncated>
	</object>
	<segmented>1</segmented>
	<size>
		<depth>3</depth>
		<height>243</height>
		<width>500</width>
	</size>
	<source>
		<annotation>PASCAL VOC2009</annotation>
		<database>The VOC2009 Database</database>
		<image>flickr</image>
	</source>
</annotation>
