<annotation>
	<filename>2009_004414.jpg</filename>
	<folder>VOC2012</folder>
	<object>
		<name>aeroplane</name>
		<bndbox>
			<xmax>478</xmax>
			<xmin>14</xmin>
			<ymax>205</ymax>
			<ymin>98</ymin>
		</bndbox>
		<difficult>0</difficult>
		<occluded>0</occluded>
		<pose>Left</pose>
		<truncated>0</truncated>
	</object>
	<object>
		<name>aeroplane</name>
		<bndbox>
			<xmax>94</xmax>
			<xmin>33</xmin>
			<ymax>227</ymax>
			<ymin>147</ymin>
		</bndbox>
		<difficult>0</difficult>
		<occluded>1</occluded>
		<pose>Unspecified</pose>
		<truncated>1</truncated>
	</object>
	<object>
		<name>aeroplane</name>
		<bndbox>
			<xmax>91</xmax>
			<xmin>1</xmin>
			<ymax>187</ymax>
			<ymin>149</ymin>
		</bndbox>
		<difficult>0</difficult>
		<occluded>1</occluded>
		<pose>Right</pose>
		<truncated>1</truncated>
	</object>
	<segmented>0</segmented>
	<size>
		<depth>3</depth>
		<height>333</height>
		<width>500</width>
	</size>
	<source>
		<annotation>PASCAL VOC2009</annotation>
		<database>The VOC2009 Database</database>
		<image>flickr</image>
	</source>
</annotation>
