<annotation>
	<filename>2009_002449.jpg</filename>
	<folder>VOC2012</folder>
	<object>
		<name>boat</name>
		<bndbox>
			<xmax>280</xmax>
			<xmin>231</xmin>
			<ymax>163</ymax>
			<ymin>120</ymin>
		</bndbox>
		<difficult>0</difficult>
		<occluded>1</occluded>
		<pose>Unspecified</pose>
		<truncated>0</truncated>
	</object>
	<object>
		<name>boat</name>
		<bndbox>
			<xmax>315</xmax>
			<xmin>99</xmin>
			<ymax>285</ymax>
			<ymin>44</ymin>
		</bndbox>
		<difficult>0</difficult>
		<occluded>0</occluded>
		<pose>Frontal</pose>
		<truncated>0</truncated>
	</object>
	<segmented>0</segmented>
	<size>
		<depth>3</depth>
		<height>375</height>
		<width>500</width>
	</size>
	<source>
		<annotation>PASCAL VOC2009</annotation>
		<database>The VOC2009 Database</database>
		<image>flickr</image>
	</source>
</annotation>
