<annotation>
	<filename>2009_004616.jpg</filename>
	<folder>VOC2012</folder>
	<object>
		<name>diningtable</name>
		<bndbox>
			<xmax>484</xmax>
			<xmin>1</xmin>
			<ymax>375</ymax>
			<ymin>93</ymin>
		</bndbox>
		<difficult>0</difficult>
		<occluded>0</occluded>
		<pose>Unspecified</pose>
		<truncated>1</truncated>
	</object>
	<object>
		<name>bottle</name>
		<bndbox>
			<xmax>500</xmax>
			<xmin>473</xmin>
			<ymax>196</ymax>
			<ymin>126</ymin>
		</bndbox>
		<difficult>0</difficult>
		<occluded>0</occluded>
		<pose>Unspecified</pose>
		<truncated>1</truncated>
	</object>
	<segmented>0</segmented>
	<size>
		<depth>3</depth>
		<height>375</height>
		<width>500</width>
	</size>
	<source>
		<annotation>PASCAL VOC2009</annotation>
		<database>The VOC2009 Database</database>
		<image>flickr</image>
	</source>
</annotation>
