<annotation>
	<filename>2009_002111.jpg</filename>
	<folder>VOC2012</folder>
	<object>
		<name>chair</name>
		<bndbox>
			<xmax>368</xmax>
			<xmin>1</xmin>
			<ymax>476</ymax>
			<ymin>235</ymin>
		</bndbox>
		<difficult>0</difficult>
		<occluded>0</occluded>
		<pose>Unspecified</pose>
		<truncated>1</truncated>
	</object>
	<object>
		<name>diningtable</name>
		<bndbox>
			<xmax>368</xmax>
			<xmin>1</xmin>
			<ymax>414</ymax>
			<ymin>1</ymin>
		</bndbox>
		<difficult>0</difficult>
		<occluded>1</occluded>
		<pose>Unspecified</pose>
		<truncated>1</truncated>
	</object>
	<segmented>0</segmented>
	<size>
		<depth>3</depth>
		<height>500</height>
		<width>368</width>
	</size>
	<source>
		<annotation>PASCAL VOC2009</annotation>
		<database>The VOC2009 Database</database>
		<image>flickr</image>
	</source>
</annotation>
