<annotation>
	<filename>2009_002850.jpg</filename>
	<folder>VOC2012</folder>
	<object>
		<name>bottle</name>
		<bndbox>
			<xmax>470</xmax>
			<xmin>369</xmin>
			<ymax>333</ymax>
			<ymin>160</ymin>
		</bndbox>
		<difficult>0</difficult>
		<occluded>1</occluded>
		<pose>Unspecified</pose>
		<truncated>1</truncated>
	</object>
	<object>
		<name>bottle</name>
		<bndbox>
			<xmax>407</xmax>
			<xmin>354</xmin>
			<ymax>319</ymax>
			<ymin>74</ymin>
		</bndbox>
		<difficult>0</difficult>
		<occluded>1</occluded>
		<pose>Unspecified</pose>
		<truncated>1</truncated>
	</object>
	<object>
		<name>bottle</name>
		<bndbox>
			<xmax>293</xmax>
			<xmin>238</xmin>
			<ymax>287</ymax>
			<ymin>78</ymin>
		</bndbox>
		<difficult>0</difficult>
		<occluded>0</occluded>
		<pose>Unspecified</pose>
		<truncated>0</truncated>
	</object>
	<object>
		<name>bottle</name>
		<bndbox>
			<xmax>229</xmax>
			<xmin>169</xmin>
			<ymax>282</ymax>
			<ymin>78</ymin>
		</bndbox>
		<difficult>0</difficult>
		<occluded>0</occluded>
		<pose>Unspecified</pose>
		<truncated>0</truncated>
	</object>
	<object>
		<name>bottle</name>
		<bndbox>
			<xmax>163</xmax>
			<xmin>98</xmin>
			<ymax>285</ymax>
			<ymin>70</ymin>
		</bndbox>
		<difficult>0</difficult>
		<occluded>0</occluded>
		<pose>Unspecified</pose>
		<truncated>0</truncated>
	</object>
	<object>
		<name>bottle</name>
		<bndbox>
			<xmax>189</xmax>
			<xmin>140</xmin>
			<ymax>241</ymax>
			<ymin>45</ymin>
		</bndbox>
		<difficult>0</difficult>
		<occluded>1</occluded>
		<pose>Unspecified</pose>
		<truncated>1</truncated>
	</object>
	<object>
		<name>person</name>
		<bndbox>
			<xmax>356</xmax>
			<xmin>291</xmin>
			<ymax>172</ymax>
			<ymin>67</ymin>
		</bndbox>
		<difficult>0</difficult>
		<occluded>1</occluded>
		<pose>Right</pose>
		<truncated>1</truncated>
	</object>
	<object>
		<name>person</name>
		<bndbox>
			<xmax>315</xmax>
			<xmin>279</xmin>
			<ymax>127</ymax>
			<ymin>68</ymin>
		</bndbox>
		<difficult>0</difficult>
		<occluded>1</occluded>
		<pose>Frontal</pose>
		<truncated>1</truncated>
	</object>
	<object>
		<name>person</name>
		<bndbox>
			<xmax>102</xmax>
			<xmin>74</xmin>
			<ymax>113</ymax>
			<ymin>81</ymin>
		</bndbox>
		<difficult>0</difficult>
		<occluded>0</occluded>
		<pose>Rear</pose>
		<truncated>1</truncated>
	</object>
	<segmented>0</segmented>
	<size>
		<depth>3</depth>
		<height>333</height>
		<width>500</width>
	</size>
	<source>
		<annotation>PASCAL VOC2009</annotation>
		<database>The VOC2009 Database</database>
		<image>flickr</image>
	</source>
</annotation>
