<annotation>
	<filename>2009_004366.jpg</filename>
	<folder>VOC2012</folder>
	<object>
		<name>cow</name>
		<bndbox>
			<xmax>392</xmax>
			<xmin>88</xmin>
			<ymax>287</ymax>
			<ymin>63</ymin>
		</bndbox>
		<difficult>0</difficult>
		<occluded>0</occluded>
		<pose>Right</pose>
		<truncated>0</truncated>
	</object>
	<segmented>0</segmented>
	<size>
		<depth>3</depth>
		<height>375</height>
		<width>500</width>
	</size>
	<source>
		<annotation>PASCAL VOC2009</annotation>
		<database>The VOC2009 Database</database>
		<image>flickr</image>
	</source>
</annotation>
