<annotation>
	<filename>2009_000896.jpg</filename>
	<folder>VOC2012</folder>
	<object>
		<name>person</name>
		<bndbox>
			<xmax>415</xmax>
			<xmin>385</xmin>
			<ymax>118</ymax>
			<ymin>92</ymin>
		</bndbox>
		<difficult>0</difficult>
		<occluded>0</occluded>
		<pose>Unspecified</pose>
		<truncated>1</truncated>
	</object>
	<object>
		<name>bicycle</name>
		<bndbox>
			<xmax>313</xmax>
			<xmin>298</xmin>
			<ymax>160</ymax>
			<ymin>121</ymin>
		</bndbox>
		<difficult>0</difficult>
		<occluded>0</occluded>
		<pose>Unspecified</pose>
		<truncated>1</truncated>
	</object>
	<object>
		<name>person</name>
		<bndbox>
			<xmax>176</xmax>
			<xmin>114</xmin>
			<ymax>256</ymax>
			<ymin>90</ymin>
		</bndbox>
		<difficult>0</difficult>
		<occluded>0</occluded>
		<pose>Frontal</pose>
		<truncated>0</truncated>
	</object>
	<object>
		<name>bicycle</name>
		<bndbox>
			<xmax>175</xmax>
			<xmin>117</xmin>
			<ymax>286</ymax>
			<ymin>166</ymin>
		</bndbox>
		<difficult>0</difficult>
		<occluded>1</occluded>
		<pose>Frontal</pose>
		<truncated>0</truncated>
	</object>
	<object>
		<name>person</name>
		<bndbox>
			<xmax>303</xmax>
			<xmin>180</xmin>
			<ymax>325</ymax>
			<ymin>55</ymin>
		</bndbox>
		<difficult>0</difficult>
		<occluded>1</occluded>
		<pose>Unspecified</pose>
		<truncated>0</truncated>
	</object>
	<object>
		<name>bicycle</name>
		<bndbox>
			<xmax>325</xmax>
			<xmin>173</xmin>
			<ymax>375</ymax>
			<ymin>182</ymin>
		</bndbox>
		<difficult>0</difficult>
		<occluded>1</occluded>
		<pose>Unspecified</pose>
		<truncated>0</truncated>
	</object>
	<segmented>0</segmented>
	<size>
		<depth>3</depth>
		<height>375</height>
		<width>500</width>
	</size>
	<source>
		<annotation>PASCAL VOC2009</annotation>
		<database>The VOC2009 Database</database>
		<image>flickr</image>
	</source>
</annotation>
