<annotation>
	<filename>2009_003838.jpg</filename>
	<folder>VOC2012</folder>
	<object>
		<name>car</name>
		<bndbox>
			<xmax>377</xmax>
			<xmin>342</xmin>
			<ymax>276</ymax>
			<ymin>243</ymin>
		</bndbox>
		<difficult>0</difficult>
		<occluded>1</occluded>
		<pose>Rear</pose>
		<truncated>0</truncated>
	</object>
	<object>
		<name>car</name>
		<bndbox>
			<xmax>364</xmax>
			<xmin>322</xmin>
			<ymax>299</ymax>
			<ymin>266</ymin>
		</bndbox>
		<difficult>0</difficult>
		<occluded>0</occluded>
		<pose>Rear</pose>
		<truncated>0</truncated>
	</object>
	<object>
		<name>car</name>
		<bndbox>
			<xmax>25</xmax>
			<xmin>1</xmin>
			<ymax>296</ymax>
			<ymin>261</ymin>
		</bndbox>
		<difficult>0</difficult>
		<occluded>0</occluded>
		<pose>Unspecified</pose>
		<truncated>1</truncated>
	</object>
	<object>
		<name>car</name>
		<bndbox>
			<xmax>500</xmax>
			<xmin>403</xmin>
			<ymax>334</ymax>
			<ymin>314</ymin>
		</bndbox>
		<difficult>0</difficult>
		<occluded>0</occluded>
		<pose>Left</pose>
		<truncated>1</truncated>
	</object>
	<segmented>0</segmented>
	<size>
		<depth>3</depth>
		<height>334</height>
		<width>500</width>
	</size>
	<source>
		<annotation>PASCAL VOC2009</annotation>
		<database>The VOC2009 Database</database>
		<image>flickr</image>
	</source>
</annotation>
