<annotation>
	<filename>2009_001975.jpg</filename>
	<folder>VOC2012</folder>
	<object>
		<name>pottedplant</name>
		<bndbox>
			<xmax>374</xmax>
			<xmin>1</xmin>
			<ymax>481</ymax>
			<ymin>21</ymin>
		</bndbox>
		<difficult>0</difficult>
		<occluded>0</occluded>
		<pose>Unspecified</pose>
		<truncated>0</truncated>
	</object>
	<segmented>0</segmented>
	<size>
		<depth>3</depth>
		<height>500</height>
		<width>374</width>
	</size>
	<source>
		<annotation>PASCAL VOC2009</annotation>
		<database>The VOC2009 Database</database>
		<image>flickr</image>
	</source>
</annotation>
