<annotation>
	<filename>2009_005246.jpg</filename>
	<folder>VOC2012</folder>
	<object>
		<name>train</name>
		<bndbox>
			<xmax>364</xmax>
			<xmin>131</xmin>
			<ymax>239</ymax>
			<ymin>122</ymin>
		</bndbox>
		<difficult>0</difficult>
		<occluded>0</occluded>
		<pose>Unspecified</pose>
		<truncated>0</truncated>
	</object>
	<segmented>0</segmented>
	<size>
		<depth>3</depth>
		<height>306</height>
		<width>500</width>
	</size>
	<source>
		<annotation>PASCAL VOC2009</annotation>
		<database>The VOC2009 Database</database>
		<image>flickr</image>
	</source>
</annotation>
