<annotation>
	<filename>2009_001008.jpg</filename>
	<folder>VOC2012</folder>
	<object>
		<name>cat</name>
		<bndbox>
			<xmax>328</xmax>
			<xmin>43</xmin>
			<ymax>394</ymax>
			<ymin>59</ymin>
		</bndbox>
		<difficult>0</difficult>
		<occluded>1</occluded>
		<pose>Frontal</pose>
		<truncated>0</truncated>
	</object>
	<segmented>1</segmented>
	<size>
		<depth>3</depth>
		<height>402</height>
		<width>500</width>
	</size>
	<source>
		<annotation>PASCAL VOC2009</annotation>
		<database>The VOC2009 Database</database>
		<image>flickr</image>
	</source>
</annotation>
