<annotation>
	<filename>2009_000289.jpg</filename>
	<folder>VOC2012</folder>
	<object>
		<name>sheep</name>
		<bndbox>
			<xmax>287</xmax>
			<xmin>104</xmin>
			<ymax>296</ymax>
			<ymin>203</ymin>
		</bndbox>
		<difficult>0</difficult>
		<occluded>1</occluded>
		<pose>Left</pose>
		<truncated>0</truncated>
	</object>
	<segmented>0</segmented>
	<size>
		<depth>3</depth>
		<height>375</height>
		<width>500</width>
	</size>
	<source>
		<annotation>PASCAL VOC2009</annotation>
		<database>The VOC2009 Database</database>
		<image>flickr</image>
	</source>
</annotation>
