<annotation>
	<filename>2009_001197.jpg</filename>
	<folder>VOC2012</folder>
	<object>
		<name>bus</name>
		<bndbox>
			<xmax>467</xmax>
			<xmin>130</xmin>
			<ymax>353</ymax>
			<ymin>101</ymin>
		</bndbox>
		<difficult>0</difficult>
		<occluded>0</occluded>
		<pose>Frontal</pose>
		<truncated>0</truncated>
	</object>
	<object>
		<name>bus</name>
		<bndbox>
			<xmax>169</xmax>
			<xmin>107</xmin>
			<ymax>253</ymax>
			<ymin>180</ymin>
		</bndbox>
		<difficult>0</difficult>
		<occluded>1</occluded>
		<pose>Unspecified</pose>
		<truncated>1</truncated>
	</object>
	<object>
		<name>car</name>
		<bndbox>
			<xmax>110</xmax>
			<xmin>7</xmin>
			<ymax>270</ymax>
			<ymin>229</ymin>
		</bndbox>
		<difficult>0</difficult>
		<occluded>1</occluded>
		<pose>Unspecified</pose>
		<truncated>1</truncated>
	</object>
	<object>
		<name>car</name>
		<bndbox>
			<xmax>133</xmax>
			<xmin>117</xmin>
			<ymax>302</ymax>
			<ymin>250</ymin>
		</bndbox>
		<difficult>0</difficult>
		<occluded>0</occluded>
		<pose>Unspecified</pose>
		<truncated>1</truncated>
	</object>
	<segmented>1</segmented>
	<size>
		<depth>3</depth>
		<height>393</height>
		<width>500</width>
	</size>
	<source>
		<annotation>PASCAL VOC2009</annotation>
		<database>The VOC2009 Database</database>
		<image>flickr</image>
	</source>
</annotation>
