<annotation>
	<filename>2009_003958.jpg</filename>
	<folder>VOC2012</folder>
	<object>
		<name>bottle</name>
		<bndbox>
			<xmax>131</xmax>
			<xmin>11</xmin>
			<ymax>498</ymax>
			<ymin>2</ymin>
		</bndbox>
		<difficult>0</difficult>
		<occluded>0</occluded>
		<pose>Frontal</pose>
		<truncated>0</truncated>
	</object>
	<segmented>0</segmented>
	<size>
		<depth>3</depth>
		<height>500</height>
		<width>142</width>
	</size>
	<source>
		<annotation>PASCAL VOC2009</annotation>
		<database>The VOC2009 Database</database>
		<image>flickr</image>
	</source>
</annotation>
