<annotation>
	<filename>2009_003569.jpg</filename>
	<folder>VOC2012</folder>
	<object>
		<name>cow</name>
		<bndbox>
			<xmax>364</xmax>
			<xmin>198</xmin>
			<ymax>295</ymax>
			<ymin>182</ymin>
		</bndbox>
		<difficult>0</difficult>
		<occluded>0</occluded>
		<pose>Right</pose>
		<truncated>0</truncated>
	</object>
	<object>
		<name>cow</name>
		<bndbox>
			<xmax>163</xmax>
			<xmin>107</xmin>
			<ymax>280</ymax>
			<ymin>181</ymin>
		</bndbox>
		<difficult>0</difficult>
		<occluded>0</occluded>
		<pose>Frontal</pose>
		<truncated>0</truncated>
	</object>
	<object>
		<name>cow</name>
		<bndbox>
			<xmax>318</xmax>
			<xmin>192</xmin>
			<ymax>272</ymax>
			<ymin>164</ymin>
		</bndbox>
		<difficult>0</difficult>
		<occluded>1</occluded>
		<pose>Right</pose>
		<truncated>0</truncated>
	</object>
	<object>
		<name>cow</name>
		<bndbox>
			<xmax>208</xmax>
			<xmin>143</xmin>
			<ymax>258</ymax>
			<ymin>176</ymin>
		</bndbox>
		<difficult>0</difficult>
		<occluded>1</occluded>
		<pose>Right</pose>
		<truncated>1</truncated>
	</object>
	<segmented>1</segmented>
	<size>
		<depth>3</depth>
		<height>375</height>
		<width>500</width>
	</size>
	<source>
		<annotation>PASCAL VOC2009</annotation>
		<database>The VOC2009 Database</database>
		<image>flickr</image>
	</source>
</annotation>
