<annotation>
	<filename>2009_001550.jpg</filename>
	<folder>VOC2012</folder>
	<object>
		<name>cat</name>
		<bndbox>
			<xmax>485</xmax>
			<xmin>32</xmin>
			<ymax>374</ymax>
			<ymin>28</ymin>
		</bndbox>
		<difficult>0</difficult>
		<occluded>0</occluded>
		<pose>Unspecified</pose>
		<truncated>0</truncated>
	</object>
	<segmented>0</segmented>
	<size>
		<depth>3</depth>
		<height>375</height>
		<width>500</width>
	</size>
	<source>
		<annotation>PASCAL VOC2009</annotation>
		<database>The VOC2009 Database</database>
		<image>flickr</image>
	</source>
</annotation>
