<annotation>
	<filename>2009_001154.jpg</filename>
	<folder>VOC2012</folder>
	<object>
		<name>bottle</name>
		<bndbox>
			<xmax>199</xmax>
			<xmin>159</xmin>
			<ymax>411</ymax>
			<ymin>289</ymin>
		</bndbox>
		<difficult>0</difficult>
		<occluded>0</occluded>
		<pose>Frontal</pose>
		<truncated>0</truncated>
	</object>
	<object>
		<name>person</name>
		<bndbox>
			<xmax>296</xmax>
			<xmin>2</xmin>
			<ymax>411</ymax>
			<ymin>42</ymin>
		</bndbox>
		<difficult>0</difficult>
		<occluded>1</occluded>
		<pose>Frontal</pose>
		<truncated>1</truncated>
	</object>
	<object>
		<name>chair</name>
		<bndbox>
			<xmax>81</xmax>
			<xmin>2</xmin>
			<ymax>370</ymax>
			<ymin>187</ymin>
		</bndbox>
		<difficult>0</difficult>
		<occluded>1</occluded>
		<pose>Frontal</pose>
		<truncated>1</truncated>
	</object>
	<segmented>0</segmented>
	<size>
		<depth>3</depth>
		<height>411</height>
		<width>324</width>
	</size>
	<source>
		<annotation>PASCAL VOC2009</annotation>
		<database>The VOC2009 Database</database>
		<image>flickr</image>
	</source>
</annotation>
