<annotation>
	<filename>2009_002918.jpg</filename>
	<folder>VOC2012</folder>
	<object>
		<name>person</name>
		<bndbox>
			<xmax>310</xmax>
			<xmin>1</xmin>
			<ymax>500</ymax>
			<ymin>5</ymin>
		</bndbox>
		<difficult>0</difficult>
		<occluded>0</occluded>
		<pose>Frontal</pose>
		<truncated>1</truncated>
		<part>
			<name>head</name>
			<bndbox>
				<xmin>169</xmin>
				<ymin>8</ymin>
				<xmax>239</xmax>
				<ymax>106</ymax>
			</bndbox>
		</part>
		<part>
			<name>hand</name>
			<bndbox>
				<xmin>271</xmin>
				<ymin>328</ymin>
				<xmax>309</xmax>
				<ymax>363</ymax>
			</bndbox>
		</part>
	</object>
	<segmented>0</segmented>
	<size>
		<depth>3</depth>
		<height>500</height>
		<width>333</width>
	</size>
	<source>
		<annotation>PASCAL VOC2009</annotation>
		<database>The VOC2009 Database</database>
		<image>flickr</image>
	</source>
</annotation>
