<annotation>
	<filename>2009_003637.jpg</filename>
	<folder>VOC2012</folder>
	<object>
		<name>horse</name>
		<bndbox>
			<xmax>248</xmax>
			<xmin>92</xmin>
			<ymax>381</ymax>
			<ymin>11</ymin>
		</bndbox>
		<difficult>0</difficult>
		<occluded>0</occluded>
		<pose>Frontal</pose>
		<truncated>0</truncated>
	</object>
	<object>
		<name>person</name>
		<bndbox>
			<xmax>283</xmax>
			<xmin>104</xmin>
			<ymax>273</ymax>
			<ymin>33</ymin>
		</bndbox>
		<difficult>0</difficult>
		<occluded>1</occluded>
		<pose>Frontal</pose>
		<truncated>0</truncated>
	</object>
	<segmented>0</segmented>
	<size>
		<depth>3</depth>
		<height>500</height>
		<width>375</width>
	</size>
	<source>
		<annotation>PASCAL VOC2009</annotation>
		<database>The VOC2009 Database</database>
		<image>flickr</image>
	</source>
</annotation>
