<annotation>
	<filename>2009_001593.jpg</filename>
	<folder>VOC2012</folder>
	<object>
		<name>bottle</name>
		<bndbox>
			<xmax>250</xmax>
			<xmin>103</xmin>
			<ymax>461</ymax>
			<ymin>39</ymin>
		</bndbox>
		<difficult>0</difficult>
		<occluded>0</occluded>
		<pose>Unspecified</pose>
		<truncated>0</truncated>
	</object>
	<segmented>0</segmented>
	<size>
		<depth>3</depth>
		<height>500</height>
		<width>375</width>
	</size>
	<source>
		<annotation>PASCAL VOC2009</annotation>
		<database>The VOC2009 Database</database>
		<image>flickr</image>
	</source>
</annotation>
