<annotation>
	<filename>2009_003353.jpg</filename>
	<folder>VOC2012</folder>
	<object>
		<name>bicycle</name>
		<bndbox>
			<xmax>239</xmax>
			<xmin>1</xmin>
			<ymax>375</ymax>
			<ymin>238</ymin>
		</bndbox>
		<difficult>0</difficult>
		<occluded>0</occluded>
		<pose>Left</pose>
		<truncated>1</truncated>
	</object>
	<object>
		<name>bicycle</name>
		<bndbox>
			<xmax>418</xmax>
			<xmin>189</xmin>
			<ymax>375</ymax>
			<ymin>202</ymin>
		</bndbox>
		<difficult>0</difficult>
		<occluded>1</occluded>
		<pose>Left</pose>
		<truncated>1</truncated>
	</object>
	<object>
		<name>person</name>
		<bndbox>
			<xmax>376</xmax>
			<xmin>247</xmin>
			<ymax>375</ymax>
			<ymin>87</ymin>
		</bndbox>
		<difficult>0</difficult>
		<occluded>1</occluded>
		<pose>Left</pose>
		<truncated>0</truncated>
	</object>
	<segmented>1</segmented>
	<size>
		<depth>3</depth>
		<height>375</height>
		<width>500</width>
	</size>
	<source>
		<annotation>PASCAL VOC2009</annotation>
		<database>The VOC2009 Database</database>
		<image>flickr</image>
	</source>
</annotation>
