<annotation>
	<filename>2009_002703.jpg</filename>
	<folder>VOC2012</folder>
	<object>
		<name>bottle</name>
		<bndbox>
			<xmax>222</xmax>
			<xmin>202</xmin>
			<ymax>242</ymax>
			<ymin>210</ymin>
		</bndbox>
		<difficult>0</difficult>
		<occluded>0</occluded>
		<pose>Unspecified</pose>
		<truncated>1</truncated>
	</object>
	<object>
		<name>person</name>
		<bndbox>
			<xmax>238</xmax>
			<xmin>117</xmin>
			<ymax>375</ymax>
			<ymin>82</ymin>
		</bndbox>
		<difficult>0</difficult>
		<occluded>0</occluded>
		<pose>Right</pose>
		<truncated>0</truncated>
	</object>
	<object>
		<name>person</name>
		<bndbox>
			<xmax>297</xmax>
			<xmin>224</xmin>
			<ymax>360</ymax>
			<ymin>98</ymin>
		</bndbox>
		<difficult>0</difficult>
		<occluded>0</occluded>
		<pose>Unspecified</pose>
		<truncated>0</truncated>
	</object>
	<segmented>0</segmented>
	<size>
		<depth>3</depth>
		<height>375</height>
		<width>500</width>
	</size>
	<source>
		<annotation>PASCAL VOC2009</annotation>
		<database>The VOC2009 Database</database>
		<image>flickr</image>
	</source>
</annotation>
