<annotation>
	<filename>2009_002663.jpg</filename>
	<folder>VOC2012</folder>
	<object>
		<name>diningtable</name>
		<bndbox>
			<xmax>444</xmax>
			<xmin>1</xmin>
			<ymax>375</ymax>
			<ymin>182</ymin>
		</bndbox>
		<difficult>0</difficult>
		<occluded>1</occluded>
		<pose>Unspecified</pose>
		<truncated>1</truncated>
	</object>
	<object>
		<name>chair</name>
		<bndbox>
			<xmax>357</xmax>
			<xmin>182</xmin>
			<ymax>375</ymax>
			<ymin>270</ymin>
		</bndbox>
		<difficult>0</difficult>
		<occluded>0</occluded>
		<pose>Unspecified</pose>
		<truncated>1</truncated>
	</object>
	<object>
		<name>chair</name>
		<bndbox>
			<xmax>459</xmax>
			<xmin>340</xmin>
			<ymax>375</ymax>
			<ymin>221</ymin>
		</bndbox>
		<difficult>0</difficult>
		<occluded>1</occluded>
		<pose>Unspecified</pose>
		<truncated>1</truncated>
	</object>
	<object>
		<name>chair</name>
		<bndbox>
			<xmax>475</xmax>
			<xmin>377</xmin>
			<ymax>375</ymax>
			<ymin>182</ymin>
		</bndbox>
		<difficult>0</difficult>
		<occluded>1</occluded>
		<pose>Unspecified</pose>
		<truncated>1</truncated>
	</object>
	<object>
		<name>tvmonitor</name>
		<bndbox>
			<xmax>310</xmax>
			<xmin>236</xmin>
			<ymax>86</ymax>
			<ymin>1</ymin>
		</bndbox>
		<difficult>0</difficult>
		<occluded>0</occluded>
		<pose>Unspecified</pose>
		<truncated>0</truncated>
	</object>
	<object>
		<name>sofa</name>
		<bndbox>
			<xmax>500</xmax>
			<xmin>402</xmin>
			<ymax>201</ymax>
			<ymin>114</ymin>
		</bndbox>
		<difficult>0</difficult>
		<occluded>1</occluded>
		<pose>Unspecified</pose>
		<truncated>1</truncated>
	</object>
	<object>
		<name>chair</name>
		<bndbox>
			<xmax>176</xmax>
			<xmin>104</xmin>
			<ymax>214</ymax>
			<ymin>142</ymin>
		</bndbox>
		<difficult>0</difficult>
		<occluded>1</occluded>
		<pose>Unspecified</pose>
		<truncated>1</truncated>
	</object>
	<object>
		<name>chair</name>
		<bndbox>
			<xmax>53</xmax>
			<xmin>1</xmin>
			<ymax>242</ymax>
			<ymin>152</ymin>
		</bndbox>
		<difficult>0</difficult>
		<occluded>1</occluded>
		<pose>Unspecified</pose>
		<truncated>1</truncated>
	</object>
	<object>
		<name>chair</name>
		<bndbox>
			<xmax>376</xmax>
			<xmin>301</xmin>
			<ymax>204</ymax>
			<ymin>144</ymin>
		</bndbox>
		<difficult>0</difficult>
		<occluded>1</occluded>
		<pose>Frontal</pose>
		<truncated>1</truncated>
	</object>
	<segmented>0</segmented>
	<size>
		<depth>3</depth>
		<height>375</height>
		<width>500</width>
	</size>
	<source>
		<annotation>PASCAL VOC2009</annotation>
		<database>The VOC2009 Database</database>
		<image>flickr</image>
	</source>
</annotation>
