<annotation>
	<filename>2009_000316.jpg</filename>
	<folder>VOC2012</folder>
	<object>
		<name>sofa</name>
		<bndbox>
			<xmax>500</xmax>
			<xmin>243</xmin>
			<ymax>352</ymax>
			<ymin>133</ymin>
		</bndbox>
		<difficult>0</difficult>
		<occluded>1</occluded>
		<pose>Unspecified</pose>
		<truncated>1</truncated>
	</object>
	<object>
		<name>chair</name>
		<bndbox>
			<xmax>247</xmax>
			<xmin>183</xmin>
			<ymax>218</ymax>
			<ymin>156</ymin>
		</bndbox>
		<difficult>0</difficult>
		<occluded>1</occluded>
		<pose>Unspecified</pose>
		<truncated>1</truncated>
	</object>
	<object>
		<name>chair</name>
		<bndbox>
			<xmax>83</xmax>
			<xmin>47</xmin>
			<ymax>293</ymax>
			<ymin>232</ymin>
		</bndbox>
		<difficult>0</difficult>
		<occluded>0</occluded>
		<pose>Unspecified</pose>
		<truncated>1</truncated>
	</object>
	<segmented>0</segmented>
	<size>
		<depth>3</depth>
		<height>375</height>
		<width>500</width>
	</size>
	<source>
		<annotation>PASCAL VOC2009</annotation>
		<database>The VOC2009 Database</database>
		<image>flickr</image>
	</source>
</annotation>
