<annotation>
	<filename>2009_003743.jpg</filename>
	<folder>VOC2012</folder>
	<object>
		<name>motorbike</name>
		<bndbox>
			<xmax>474</xmax>
			<xmin>35</xmin>
			<ymax>345</ymax>
			<ymin>96</ymin>
		</bndbox>
		<difficult>0</difficult>
		<occluded>0</occluded>
		<pose>Left</pose>
		<truncated>0</truncated>
	</object>
	<object>
		<name>car</name>
		<bndbox>
			<xmax>148</xmax>
			<xmin>2</xmin>
			<ymax>295</ymax>
			<ymin>65</ymin>
		</bndbox>
		<difficult>0</difficult>
		<occluded>1</occluded>
		<pose>Unspecified</pose>
		<truncated>1</truncated>
	</object>
	<object>
		<name>car</name>
		<bndbox>
			<xmax>354</xmax>
			<xmin>152</xmin>
			<ymax>285</ymax>
			<ymin>72</ymin>
		</bndbox>
		<difficult>0</difficult>
		<occluded>1</occluded>
		<pose>Frontal</pose>
		<truncated>0</truncated>
	</object>
	<object>
		<name>car</name>
		<bndbox>
			<xmax>500</xmax>
			<xmin>435</xmin>
			<ymax>249</ymax>
			<ymin>88</ymin>
		</bndbox>
		<difficult>0</difficult>
		<occluded>1</occluded>
		<pose>Unspecified</pose>
		<truncated>1</truncated>
	</object>
	<object>
		<name>car</name>
		<bndbox>
			<xmax>440</xmax>
			<xmin>413</xmin>
			<ymax>148</ymax>
			<ymin>133</ymin>
		</bndbox>
		<difficult>0</difficult>
		<occluded>0</occluded>
		<pose>Frontal</pose>
		<truncated>0</truncated>
	</object>
	<segmented>0</segmented>
	<size>
		<depth>3</depth>
		<height>375</height>
		<width>500</width>
	</size>
	<source>
		<annotation>PASCAL VOC2009</annotation>
		<database>The VOC2009 Database</database>
		<image>flickr</image>
	</source>
</annotation>
