<annotation>
	<filename>2009_000074.jpg</filename>
	<folder>VOC2012</folder>
	<object>
		<name>motorbike</name>
		<bndbox>
			<xmax>397</xmax>
			<xmin>73</xmin>
			<ymax>320</ymax>
			<ymin>21</ymin>
		</bndbox>
		<difficult>0</difficult>
		<occluded>1</occluded>
		<pose>Right</pose>
		<truncated>0</truncated>
	</object>
	<object>
		<name>person</name>
		<bndbox>
			<xmax>334</xmax>
			<xmin>143</xmin>
			<ymax>224</ymax>
			<ymin>25</ymin>
		</bndbox>
		<difficult>0</difficult>
		<occluded>1</occluded>
		<pose>Right</pose>
		<truncated>0</truncated>
	</object>
	<segmented>1</segmented>
	<size>
		<depth>3</depth>
		<height>333</height>
		<width>500</width>
	</size>
	<source>
		<annotation>PASCAL VOC2009</annotation>
		<database>The VOC2009 Database</database>
		<image>flickr</image>
	</source>
</annotation>
