<annotation>
	<filename>2009_004979.jpg</filename>
	<folder>VOC2012</folder>
	<object>
		<name>pottedplant</name>
		<bndbox>
			<xmax>38</xmax>
			<xmin>14</xmin>
			<ymax>37</ymax>
			<ymin>1</ymin>
		</bndbox>
		<difficult>0</difficult>
		<occluded>0</occluded>
		<pose>Unspecified</pose>
		<truncated>0</truncated>
	</object>
	<object>
		<name>diningtable</name>
		<bndbox>
			<xmax>375</xmax>
			<xmin>1</xmin>
			<ymax>500</ymax>
			<ymin>162</ymin>
		</bndbox>
		<difficult>0</difficult>
		<occluded>1</occluded>
		<pose>Unspecified</pose>
		<truncated>1</truncated>
	</object>
	<object>
		<name>chair</name>
		<bndbox>
			<xmax>322</xmax>
			<xmin>249</xmin>
			<ymax>143</ymax>
			<ymin>6</ymin>
		</bndbox>
		<difficult>0</difficult>
		<occluded>1</occluded>
		<pose>Rear</pose>
		<truncated>0</truncated>
	</object>
	<object>
		<name>chair</name>
		<bndbox>
			<xmax>183</xmax>
			<xmin>115</xmin>
			<ymax>70</ymax>
			<ymin>4</ymin>
		</bndbox>
		<difficult>0</difficult>
		<occluded>1</occluded>
		<pose>Unspecified</pose>
		<truncated>1</truncated>
	</object>
	<object>
		<name>diningtable</name>
		<bndbox>
			<xmax>120</xmax>
			<xmin>1</xmin>
			<ymax>130</ymax>
			<ymin>19</ymin>
		</bndbox>
		<difficult>0</difficult>
		<occluded>1</occluded>
		<pose>Unspecified</pose>
		<truncated>1</truncated>
	</object>
	<object>
		<name>chair</name>
		<bndbox>
			<xmax>153</xmax>
			<xmin>93</xmin>
			<ymax>37</ymax>
			<ymin>1</ymin>
		</bndbox>
		<difficult>0</difficult>
		<occluded>1</occluded>
		<pose>Frontal</pose>
		<truncated>1</truncated>
	</object>
	<segmented>0</segmented>
	<size>
		<depth>3</depth>
		<height>500</height>
		<width>375</width>
	</size>
	<source>
		<annotation>PASCAL VOC2009</annotation>
		<database>The VOC2009 Database</database>
		<image>flickr</image>
	</source>
</annotation>
