<annotation>
	<filename>2009_000882.jpg</filename>
	<folder>VOC2012</folder>
	<object>
		<name>motorbike</name>
		<bndbox>
			<xmax>477</xmax>
			<xmin>19</xmin>
			<ymax>335</ymax>
			<ymin>73</ymin>
		</bndbox>
		<difficult>0</difficult>
		<occluded>0</occluded>
		<pose>Left</pose>
		<truncated>0</truncated>
	</object>
	<object>
		<name>bicycle</name>
		<bndbox>
			<xmax>490</xmax>
			<xmin>386</xmin>
			<ymax>234</ymax>
			<ymin>163</ymin>
		</bndbox>
		<difficult>0</difficult>
		<occluded>1</occluded>
		<pose>Left</pose>
		<truncated>0</truncated>
	</object>
	<object>
		<name>car</name>
		<bndbox>
			<xmax>500</xmax>
			<xmin>460</xmin>
			<ymax>232</ymax>
			<ymin>173</ymin>
		</bndbox>
		<difficult>0</difficult>
		<occluded>1</occluded>
		<pose>Left</pose>
		<truncated>1</truncated>
	</object>
	<object>
		<name>car</name>
		<bndbox>
			<xmax>500</xmax>
			<xmin>392</xmin>
			<ymax>203</ymax>
			<ymin>145</ymin>
		</bndbox>
		<difficult>0</difficult>
		<occluded>1</occluded>
		<pose>Left</pose>
		<truncated>1</truncated>
	</object>
	<segmented>0</segmented>
	<size>
		<depth>3</depth>
		<height>375</height>
		<width>500</width>
	</size>
	<source>
		<annotation>PASCAL VOC2009</annotation>
		<database>The VOC2009 Database</database>
		<image>flickr</image>
	</source>
</annotation>
