<annotation>
	<filename>2009_004789.jpg</filename>
	<folder>VOC2012</folder>
	<object>
		<name>bus</name>
		<bndbox>
			<xmax>500</xmax>
			<xmin>77</xmin>
			<ymax>347</ymax>
			<ymin>73</ymin>
		</bndbox>
		<difficult>0</difficult>
		<occluded>0</occluded>
		<pose>Left</pose>
		<truncated>1</truncated>
	</object>
	<object>
		<name>bus</name>
		<bndbox>
			<xmax>232</xmax>
			<xmin>12</xmin>
			<ymax>323</ymax>
			<ymin>78</ymin>
		</bndbox>
		<difficult>0</difficult>
		<occluded>1</occluded>
		<pose>Unspecified</pose>
		<truncated>1</truncated>
	</object>
	<object>
		<name>bus</name>
		<bndbox>
			<xmax>88</xmax>
			<xmin>1</xmin>
			<ymax>313</ymax>
			<ymin>75</ymin>
		</bndbox>
		<difficult>0</difficult>
		<occluded>1</occluded>
		<pose>Unspecified</pose>
		<truncated>1</truncated>
	</object>
	<segmented>1</segmented>
	<size>
		<depth>3</depth>
		<height>375</height>
		<width>500</width>
	</size>
	<source>
		<annotation>PASCAL VOC2009</annotation>
		<database>The VOC2009 Database</database>
		<image>flickr</image>
	</source>
</annotation>
