<annotation>
	<filename>2009_003757.jpg</filename>
	<folder>VOC2012</folder>
	<object>
		<name>bus</name>
		<bndbox>
			<xmax>97</xmax>
			<xmin>25</xmin>
			<ymax>222</ymax>
			<ymin>116</ymin>
		</bndbox>
		<difficult>0</difficult>
		<occluded>0</occluded>
		<pose>Frontal</pose>
		<truncated>1</truncated>
	</object>
	<object>
		<name>bus</name>
		<bndbox>
			<xmax>176</xmax>
			<xmin>95</xmin>
			<ymax>226</ymax>
			<ymin>112</ymin>
		</bndbox>
		<difficult>0</difficult>
		<occluded>1</occluded>
		<pose>Frontal</pose>
		<truncated>0</truncated>
	</object>
	<object>
		<name>bus</name>
		<bndbox>
			<xmax>235</xmax>
			<xmin>117</xmin>
			<ymax>240</ymax>
			<ymin>108</ymin>
		</bndbox>
		<difficult>0</difficult>
		<occluded>0</occluded>
		<pose>Frontal</pose>
		<truncated>0</truncated>
	</object>
	<object>
		<name>bus</name>
		<bndbox>
			<xmax>465</xmax>
			<xmin>285</xmin>
			<ymax>277</ymax>
			<ymin>27</ymin>
		</bndbox>
		<difficult>0</difficult>
		<occluded>0</occluded>
		<pose>Frontal</pose>
		<truncated>0</truncated>
	</object>
	<object>
		<name>bus</name>
		<bndbox>
			<xmax>284</xmax>
			<xmin>270</xmin>
			<ymax>239</ymax>
			<ymin>90</ymin>
		</bndbox>
		<difficult>0</difficult>
		<occluded>0</occluded>
		<pose>Unspecified</pose>
		<truncated>1</truncated>
	</object>
	<object>
		<name>bus</name>
		<bndbox>
			<xmax>269</xmax>
			<xmin>259</xmin>
			<ymax>226</ymax>
			<ymin>165</ymin>
		</bndbox>
		<difficult>0</difficult>
		<occluded>0</occluded>
		<pose>Frontal</pose>
		<truncated>1</truncated>
	</object>
	<object>
		<name>bus</name>
		<bndbox>
			<xmax>242</xmax>
			<xmin>176</xmin>
			<ymax>228</ymax>
			<ymin>118</ymin>
		</bndbox>
		<difficult>0</difficult>
		<occluded>1</occluded>
		<pose>Frontal</pose>
		<truncated>0</truncated>
	</object>
	<segmented>1</segmented>
	<size>
		<depth>3</depth>
		<height>333</height>
		<width>500</width>
	</size>
	<source>
		<annotation>PASCAL VOC2009</annotation>
		<database>The VOC2009 Database</database>
		<image>flickr</image>
	</source>
</annotation>
