<annotation>
	<filename>2009_005087.jpg</filename>
	<folder>VOC2012</folder>
	<object>
		<name>bicycle</name>
		<bndbox>
			<xmax>245</xmax>
			<xmin>63</xmin>
			<ymax>278</ymax>
			<ymin>143</ymin>
		</bndbox>
		<difficult>0</difficult>
		<occluded>1</occluded>
		<pose>Unspecified</pose>
		<truncated>0</truncated>
	</object>
	<object>
		<name>person</name>
		<bndbox>
			<xmax>214</xmax>
			<xmin>72</xmin>
			<ymax>322</ymax>
			<ymin>94</ymin>
		</bndbox>
		<difficult>0</difficult>
		<occluded>0</occluded>
		<pose>Unspecified</pose>
		<truncated>0</truncated>
	</object>
	<segmented>1</segmented>
	<size>
		<depth>3</depth>
		<height>500</height>
		<width>400</width>
	</size>
	<source>
		<annotation>PASCAL VOC2009</annotation>
		<database>The VOC2009 Database</database>
		<image>flickr</image>
	</source>
</annotation>
