<annotation>
	<filename>2009_003151.jpg</filename>
	<folder>VOC2012</folder>
	<object>
		<name>bird</name>
		<bndbox>
			<xmax>372</xmax>
			<xmin>225</xmin>
			<ymax>130</ymax>
			<ymin>81</ymin>
		</bndbox>
		<difficult>0</difficult>
		<occluded>0</occluded>
		<pose>Unspecified</pose>
		<truncated>1</truncated>
	</object>
	<segmented>0</segmented>
	<size>
		<depth>3</depth>
		<height>375</height>
		<width>500</width>
	</size>
	<source>
		<annotation>PASCAL VOC2009</annotation>
		<database>The VOC2009 Database</database>
		<image>flickr</image>
	</source>
</annotation>
