<annotation>
	<filename>2010_000689.jpg</filename>
	<folder>VOC2012</folder>
	<object>
		<name>car</name>
		<bndbox>
			<xmax>168</xmax>
			<xmin>38</xmin>
			<ymax>76</ymax>
			<ymin>1</ymin>
		</bndbox>
		<difficult>0</difficult>
		<occluded>0</occluded>
		<pose>Unspecified</pose>
		<truncated>1</truncated>
	</object>
	<object>
		<name>car</name>
		<bndbox>
			<xmax>63</xmax>
			<xmin>1</xmin>
			<ymax>181</ymax>
			<ymin>89</ymin>
		</bndbox>
		<difficult>0</difficult>
		<occluded>0</occluded>
		<pose>Unspecified</pose>
		<truncated>1</truncated>
	</object>
	<object>
		<name>bus</name>
		<bndbox>
			<xmax>395</xmax>
			<xmin>109</xmin>
			<ymax>223</ymax>
			<ymin>1</ymin>
		</bndbox>
		<difficult>0</difficult>
		<occluded>1</occluded>
		<pose>Unspecified</pose>
		<truncated>1</truncated>
	</object>
	<object>
		<name>bus</name>
		<bndbox>
			<xmax>500</xmax>
			<xmin>245</xmin>
			<ymax>333</ymax>
			<ymin>1</ymin>
		</bndbox>
		<difficult>0</difficult>
		<occluded>0</occluded>
		<pose>Unspecified</pose>
		<truncated>1</truncated>
	</object>
	<segmented>0</segmented>
	<size>
		<depth>3</depth>
		<height>333</height>
		<width>500</width>
	</size>
	<source>
		<annotation>PASCAL VOC2010</annotation>
		<database>The VOC2010 Database</database>
		<image>flickr</image>
	</source>
</annotation>
