<annotation>
	<filename>2010_004570.jpg</filename>
	<folder>VOC2012</folder>
	<object>
		<name>bird</name>
		<bndbox>
			<xmax>242</xmax>
			<xmin>166</xmin>
			<ymax>199</ymax>
			<ymin>115</ymin>
		</bndbox>
		<difficult>0</difficult>
		<occluded>0</occluded>
		<pose>Right</pose>
		<truncated>0</truncated>
	</object>
	<segmented>0</segmented>
	<size>
		<depth>3</depth>
		<height>333</height>
		<width>500</width>
	</size>
	<source>
		<annotation>PASCAL VOC2010</annotation>
		<database>The VOC2010 Database</database>
		<image>flickr</image>
	</source>
</annotation>
