<annotation>
	<filename>2010_004160.jpg</filename>
	<folder>VOC2012</folder>
	<object>
		<name>person</name>
		<bndbox>
			<xmax>249</xmax>
			<xmin>211</xmin>
			<ymax>207</ymax>
			<ymin>118</ymin>
		</bndbox>
		<difficult>0</difficult>
		<occluded>0</occluded>
		<pose>Unspecified</pose>
		<truncated>0</truncated>
	</object>
	<object>
		<name>horse</name>
		<bndbox>
			<xmax>366</xmax>
			<xmin>255</xmin>
			<ymax>231</ymax>
			<ymin>127</ymin>
		</bndbox>
		<difficult>0</difficult>
		<occluded>1</occluded>
		<pose>Left</pose>
		<truncated>0</truncated>
	</object>
	<object>
		<name>horse</name>
		<bndbox>
			<xmax>488</xmax>
			<xmin>324</xmin>
			<ymax>248</ymax>
			<ymin>117</ymin>
		</bndbox>
		<difficult>0</difficult>
		<occluded>0</occluded>
		<pose>Left</pose>
		<truncated>0</truncated>
	</object>
	<object>
		<name>person</name>
		<bndbox>
			<xmax>318</xmax>
			<xmin>287</xmin>
			<ymax>153</ymax>
			<ymin>90</ymin>
		</bndbox>
		<difficult>0</difficult>
		<occluded>1</occluded>
		<pose>Left</pose>
		<truncated>0</truncated>
	</object>
	<object>
		<name>car</name>
		<bndbox>
			<xmax>101</xmax>
			<xmin>1</xmin>
			<ymax>177</ymax>
			<ymin>112</ymin>
		</bndbox>
		<difficult>0</difficult>
		<occluded>0</occluded>
		<pose>Unspecified</pose>
		<truncated>1</truncated>
	</object>
	<object>
		<name>horse</name>
		<bndbox>
			<xmax>254</xmax>
			<xmin>211</xmin>
			<ymax>142</ymax>
			<ymin>120</ymin>
		</bndbox>
		<difficult>1</difficult>
		<occluded>1</occluded>
		<pose>Right</pose>
		<truncated>1</truncated>
	</object>
	<object>
		<name>person</name>
		<bndbox>
			<xmax>206</xmax>
			<xmin>193</xmin>
			<ymax>126</ymax>
			<ymin>109</ymin>
		</bndbox>
		<difficult>1</difficult>
		<occluded>0</occluded>
		<pose>Unspecified</pose>
		<truncated>1</truncated>
	</object>
	<object>
		<name>person</name>
		<bndbox>
			<xmax>188</xmax>
			<xmin>177</xmin>
			<ymax>123</ymax>
			<ymin>109</ymin>
		</bndbox>
		<difficult>1</difficult>
		<occluded>0</occluded>
		<pose>Unspecified</pose>
		<truncated>1</truncated>
	</object>
	<object>
		<name>person</name>
		<bndbox>
			<xmax>447</xmax>
			<xmin>430</xmin>
			<ymax>138</ymax>
			<ymin>112</ymin>
		</bndbox>
		<difficult>1</difficult>
		<occluded>0</occluded>
		<pose>Unspecified</pose>
		<truncated>1</truncated>
	</object>
	<segmented>0</segmented>
	<size>
		<depth>3</depth>
		<height>375</height>
		<width>500</width>
	</size>
	<source>
		<annotation>PASCAL VOC2010</annotation>
		<database>The VOC2010 Database</database>
		<image>flickr</image>
	</source>
</annotation>
