<annotation>
	<filename>2010_004028.jpg</filename>
	<folder>VOC2012</folder>
	<object>
		<name>motorbike</name>
		<bndbox>
			<xmax>305</xmax>
			<xmin>175</xmin>
			<ymax>241</ymax>
			<ymin>143</ymin>
		</bndbox>
		<difficult>0</difficult>
		<occluded>0</occluded>
		<pose>Left</pose>
		<truncated>0</truncated>
	</object>
	<object>
		<name>person</name>
		<bndbox>
			<xmax>282</xmax>
			<xmin>228</xmin>
			<ymax>210</ymax>
			<ymin>110</ymin>
		</bndbox>
		<difficult>0</difficult>
		<occluded>1</occluded>
		<pose>Unspecified</pose>
		<truncated>0</truncated>
	</object>
	<segmented>0</segmented>
	<size>
		<depth>3</depth>
		<height>366</height>
		<width>500</width>
	</size>
	<source>
		<annotation>PASCAL VOC2010</annotation>
		<database>The VOC2010 Database</database>
		<image>flickr</image>
	</source>
</annotation>
