<annotation>
	<filename>2010_004772.jpg</filename>
	<folder>VOC2012</folder>
	<object>
		<name>boat</name>
		<bndbox>
			<xmax>500</xmax>
			<xmin>47</xmin>
			<ymax>333</ymax>
			<ymin>1</ymin>
		</bndbox>
		<difficult>0</difficult>
		<occluded>0</occluded>
		<pose>Unspecified</pose>
		<truncated>1</truncated>
	</object>
	<segmented>1</segmented>
	<size>
		<depth>3</depth>
		<height>333</height>
		<width>500</width>
	</size>
	<source>
		<annotation>PASCAL VOC2010</annotation>
		<database>The VOC2010 Database</database>
		<image>flickr</image>
	</source>
</annotation>
