<annotation>
	<filename>2010_001385.jpg</filename>
	<folder>VOC2012</folder>
	<object>
		<name>cat</name>
		<bndbox>
			<xmax>397</xmax>
			<xmin>154</xmin>
			<ymax>282</ymax>
			<ymin>49</ymin>
		</bndbox>
		<difficult>0</difficult>
		<occluded>0</occluded>
		<pose>Right</pose>
		<truncated>1</truncated>
	</object>
	<object>
		<name>person</name>
		<bndbox>
			<xmax>123</xmax>
			<xmin>1</xmin>
			<ymax>375</ymax>
			<ymin>111</ymin>
		</bndbox>
		<difficult>0</difficult>
		<occluded>0</occluded>
		<pose>Frontal</pose>
		<truncated>0</truncated>
	</object>
	<object>
		<name>chair</name>
		<bndbox>
			<xmax>152</xmax>
			<xmin>114</xmin>
			<ymax>70</ymax>
			<ymin>21</ymin>
		</bndbox>
		<difficult>1</difficult>
		<occluded>0</occluded>
		<pose>Unspecified</pose>
		<truncated>1</truncated>
	</object>
	<segmented>0</segmented>
	<size>
		<depth>3</depth>
		<height>375</height>
		<width>500</width>
	</size>
	<source>
		<annotation>PASCAL VOC2010</annotation>
		<database>The VOC2010 Database</database>
		<image>flickr</image>
	</source>
</annotation>
