<annotation>
	<filename>2010_005518.jpg</filename>
	<folder>VOC2012</folder>
	<object>
		<name>car</name>
		<bndbox>
			<xmax>380</xmax>
			<xmin>109</xmin>
			<ymax>296</ymax>
			<ymin>113</ymin>
		</bndbox>
		<difficult>0</difficult>
		<occluded>0</occluded>
		<pose>Unspecified</pose>
		<truncated>0</truncated>
	</object>
	<object>
		<name>person</name>
		<bndbox>
			<xmax>113</xmax>
			<xmin>79</xmin>
			<ymax>160</ymax>
			<ymin>86</ymin>
		</bndbox>
		<difficult>0</difficult>
		<occluded>0</occluded>
		<pose>Unspecified</pose>
		<truncated>0</truncated>
	</object>
	<object>
		<name>person</name>
		<bndbox>
			<xmax>152</xmax>
			<xmin>119</xmin>
			<ymax>154</ymax>
			<ymin>92</ymin>
		</bndbox>
		<difficult>0</difficult>
		<occluded>1</occluded>
		<pose>Rear</pose>
		<truncated>0</truncated>
	</object>
	<object>
		<name>person</name>
		<bndbox>
			<xmax>145</xmax>
			<xmin>130</xmin>
			<ymax>144</ymax>
			<ymin>91</ymin>
		</bndbox>
		<difficult>0</difficult>
		<occluded>1</occluded>
		<pose>Frontal</pose>
		<truncated>1</truncated>
	</object>
	<object>
		<name>car</name>
		<bndbox>
			<xmax>86</xmax>
			<xmin>1</xmin>
			<ymax>140</ymax>
			<ymin>109</ymin>
		</bndbox>
		<difficult>0</difficult>
		<occluded>0</occluded>
		<pose>Left</pose>
		<truncated>1</truncated>
	</object>
	<object>
		<name>car</name>
		<bndbox>
			<xmax>252</xmax>
			<xmin>187</xmin>
			<ymax>119</ymax>
			<ymin>104</ymin>
		</bndbox>
		<difficult>0</difficult>
		<occluded>1</occluded>
		<pose>Left</pose>
		<truncated>1</truncated>
	</object>
	<segmented>0</segmented>
	<size>
		<depth>3</depth>
		<height>375</height>
		<width>500</width>
	</size>
	<source>
		<annotation>PASCAL VOC2010</annotation>
		<database>The VOC2010 Database</database>
		<image>flickr</image>
	</source>
</annotation>
