<annotation>
	<filename>2010_005083.jpg</filename>
	<folder>VOC2012</folder>
	<object>
		<name>dog</name>
		<bndbox>
			<xmax>430</xmax>
			<xmin>17</xmin>
			<ymax>500</ymax>
			<ymin>23</ymin>
		</bndbox>
		<difficult>0</difficult>
		<occluded>0</occluded>
		<pose>Frontal</pose>
		<truncated>0</truncated>
	</object>
	<segmented>0</segmented>
	<size>
		<depth>3</depth>
		<height>500</height>
		<width>445</width>
	</size>
	<source>
		<annotation>PASCAL VOC2010</annotation>
		<database>The VOC2010 Database</database>
		<image>flickr</image>
	</source>
</annotation>
