<annotation>
	<filename>2010_000272.jpg</filename>
	<folder>VOC2012</folder>
	<object>
		<name>boat</name>
		<bndbox>
			<xmax>468</xmax>
			<xmin>40</xmin>
			<ymax>158</ymax>
			<ymin>46</ymin>
		</bndbox>
		<difficult>0</difficult>
		<occluded>0</occluded>
		<pose>Left</pose>
		<truncated>0</truncated>
	</object>
	<segmented>1</segmented>
	<size>
		<depth>3</depth>
		<height>281</height>
		<width>500</width>
	</size>
	<source>
		<annotation>PASCAL VOC2010</annotation>
		<database>The VOC2010 Database</database>
		<image>flickr</image>
	</source>
</annotation>
