<annotation>
	<filename>2010_006617.jpg</filename>
	<folder>VOC2010</folder>
	<object>
		<name>person</name>
		<bndbox>
			<xmax>420</xmax>
			<xmin>373</xmin>
			<ymax>243</ymax>
			<ymin>110</ymin>
		</bndbox>
		<difficult>0</difficult>
		<pose>Unspecified</pose>
		<actions>
			<phoning>0</phoning>
			<playinginstrument>0</playinginstrument>
			<reading>0</reading>
			<ridingbike>0</ridingbike>
			<ridinghorse>0</ridinghorse>
			<running>1</running>
			<takingphoto>0</takingphoto>
			<usingcomputer>0</usingcomputer>
			<walking>0</walking>
			<jumping>0</jumping>
			<other>0</other>
		</actions>
		<point>
			<x>398</x>
			<y>153</y>
		</point>
	</object>
	<segmented>0</segmented>
	<size>
		<depth>3</depth>
		<height>333</height>
		<width>500</width>
	</size>
	<source>
		<annotation>PASCAL VOC2010</annotation>
		<database>The VOC2010 Database</database>
		<image>flickr</image>
	</source>
</annotation>
