<annotation>
	<filename>2010_003343.jpg</filename>
	<folder>VOC2012</folder>
	<object>
		<name>sheep</name>
		<bndbox>
			<xmax>264</xmax>
			<xmin>68</xmin>
			<ymax>232</ymax>
			<ymin>122</ymin>
		</bndbox>
		<difficult>0</difficult>
		<occluded>0</occluded>
		<pose>Right</pose>
		<truncated>0</truncated>
	</object>
	<object>
		<name>sheep</name>
		<bndbox>
			<xmax>500</xmax>
			<xmin>325</xmin>
			<ymax>298</ymax>
			<ymin>129</ymin>
		</bndbox>
		<difficult>0</difficult>
		<occluded>0</occluded>
		<pose>Rear</pose>
		<truncated>0</truncated>
	</object>
	<segmented>0</segmented>
	<size>
		<depth>3</depth>
		<height>375</height>
		<width>500</width>
	</size>
	<source>
		<annotation>PASCAL VOC2010</annotation>
		<database>The VOC2010 Database</database>
		<image>flickr</image>
	</source>
</annotation>
