<annotation>
	<filename>2010_004766.jpg</filename>
	<folder>VOC2012</folder>
	<object>
		<name>motorbike</name>
		<bndbox>
			<xmax>458</xmax>
			<xmin>9</xmin>
			<ymax>326</ymax>
			<ymin>11</ymin>
		</bndbox>
		<difficult>0</difficult>
		<occluded>0</occluded>
		<pose>Right</pose>
		<truncated>0</truncated>
	</object>
	<segmented>1</segmented>
	<size>
		<depth>3</depth>
		<height>375</height>
		<width>500</width>
	</size>
	<source>
		<annotation>PASCAL VOC2010</annotation>
		<database>The VOC2010 Database</database>
		<image>flickr</image>
	</source>
</annotation>
