<annotation>
	<filename>2010_003419.jpg</filename>
	<folder>VOC2012</folder>
	<object>
		<name>bird</name>
		<bndbox>
			<xmax>500</xmax>
			<xmin>1</xmin>
			<ymax>334</ymax>
			<ymin>9</ymin>
		</bndbox>
		<difficult>0</difficult>
		<occluded>0</occluded>
		<pose>Frontal</pose>
		<truncated>1</truncated>
	</object>
	<segmented>0</segmented>
	<size>
		<depth>3</depth>
		<height>335</height>
		<width>500</width>
	</size>
	<source>
		<annotation>PASCAL VOC2010</annotation>
		<database>The VOC2010 Database</database>
		<image>flickr</image>
	</source>
</annotation>
