<annotation>
	<filename>2010_004404.jpg</filename>
	<folder>VOC2012</folder>
	<object>
		<name>aeroplane</name>
		<bndbox>
			<xmax>277</xmax>
			<xmin>67</xmin>
			<ymax>383</ymax>
			<ymin>125</ymin>
		</bndbox>
		<difficult>0</difficult>
		<occluded>0</occluded>
		<pose>Unspecified</pose>
		<truncated>0</truncated>
	</object>
	<segmented>0</segmented>
	<size>
		<depth>3</depth>
		<height>500</height>
		<width>333</width>
	</size>
	<source>
		<annotation>PASCAL VOC2010</annotation>
		<database>The VOC2010 Database</database>
		<image>flickr</image>
	</source>
</annotation>
