<annotation>
	<filename>2010_000312.jpg</filename>
	<folder>VOC2012</folder>
	<object>
		<name>dog</name>
		<bndbox>
			<xmax>500</xmax>
			<xmin>10</xmin>
			<ymax>309</ymax>
			<ymin>36</ymin>
		</bndbox>
		<difficult>0</difficult>
		<occluded>0</occluded>
		<pose>Unspecified</pose>
		<truncated>1</truncated>
	</object>
	<segmented>0</segmented>
	<size>
		<depth>3</depth>
		<height>375</height>
		<width>500</width>
	</size>
	<source>
		<annotation>PASCAL VOC2010</annotation>
		<database>The VOC2010 Database</database>
		<image>flickr</image>
	</source>
</annotation>
