<annotation>
	<filename>2010_003828.jpg</filename>
	<folder>VOC2012</folder>
	<object>
		<name>bottle</name>
		<bndbox>
			<xmax>35</xmax>
			<xmin>17</xmin>
			<ymax>315</ymax>
			<ymin>262</ymin>
		</bndbox>
		<difficult>0</difficult>
		<occluded>0</occluded>
		<pose>Unspecified</pose>
		<truncated>0</truncated>
	</object>
	<object>
		<name>bicycle</name>
		<bndbox>
			<xmax>347</xmax>
			<xmin>47</xmin>
			<ymax>330</ymax>
			<ymin>138</ymin>
		</bndbox>
		<difficult>0</difficult>
		<occluded>0</occluded>
		<pose>Left</pose>
		<truncated>0</truncated>
	</object>
	<segmented>0</segmented>
	<size>
		<depth>3</depth>
		<height>333</height>
		<width>500</width>
	</size>
	<source>
		<annotation>PASCAL VOC2010</annotation>
		<database>The VOC2010 Database</database>
		<image>flickr</image>
	</source>
</annotation>
