<annotation>
	<filename>2010_005120.jpg</filename>
	<folder>VOC2012</folder>
	<object>
		<name>sheep</name>
		<bndbox>
			<xmax>393</xmax>
			<xmin>261</xmin>
			<ymax>278</ymax>
			<ymin>153</ymin>
		</bndbox>
		<difficult>0</difficult>
		<occluded>1</occluded>
		<pose>Left</pose>
		<truncated>0</truncated>
	</object>
	<object>
		<name>sheep</name>
		<bndbox>
			<xmax>334</xmax>
			<xmin>186</xmin>
			<ymax>297</ymax>
			<ymin>174</ymin>
		</bndbox>
		<difficult>0</difficult>
		<occluded>0</occluded>
		<pose>Left</pose>
		<truncated>0</truncated>
	</object>
	<object>
		<name>sheep</name>
		<bndbox>
			<xmax>200</xmax>
			<xmin>17</xmin>
			<ymax>311</ymax>
			<ymin>184</ymin>
		</bndbox>
		<difficult>0</difficult>
		<occluded>0</occluded>
		<pose>Left</pose>
		<truncated>0</truncated>
	</object>
	<segmented>0</segmented>
	<size>
		<depth>3</depth>
		<height>375</height>
		<width>500</width>
	</size>
	<source>
		<annotation>PASCAL VOC2010</annotation>
		<database>The VOC2010 Database</database>
		<image>flickr</image>
	</source>
</annotation>
