<annotation>
	<filename>2010_005054.jpg</filename>
	<folder>VOC2012</folder>
	<object>
		<name>tvmonitor</name>
		<bndbox>
			<xmax>121</xmax>
			<xmin>86</xmin>
			<ymax>70</ymax>
			<ymin>34</ymin>
		</bndbox>
		<difficult>0</difficult>
		<occluded>0</occluded>
		<pose>Unspecified</pose>
		<truncated>0</truncated>
	</object>
	<object>
		<name>sofa</name>
		<bndbox>
			<xmax>427</xmax>
			<xmin>318</xmin>
			<ymax>111</ymax>
			<ymin>42</ymin>
		</bndbox>
		<difficult>0</difficult>
		<occluded>0</occluded>
		<pose>Left</pose>
		<truncated>1</truncated>
	</object>
	<object>
		<name>sofa</name>
		<bndbox>
			<xmax>98</xmax>
			<xmin>1</xmin>
			<ymax>111</ymax>
			<ymin>70</ymin>
		</bndbox>
		<difficult>0</difficult>
		<occluded>1</occluded>
		<pose>Unspecified</pose>
		<truncated>1</truncated>
	</object>
	<segmented>0</segmented>
	<size>
		<depth>3</depth>
		<height>111</height>
		<width>500</width>
	</size>
	<source>
		<annotation>PASCAL VOC2010</annotation>
		<database>The VOC2010 Database</database>
		<image>flickr</image>
	</source>
</annotation>
