<annotation>
	<filename>2010_000474.jpg</filename>
	<folder>VOC2012</folder>
	<object>
		<name>person</name>
		<bndbox>
			<xmax>222</xmax>
			<xmin>18</xmin>
			<ymax>333</ymax>
			<ymin>89</ymin>
		</bndbox>
		<difficult>0</difficult>
		<occluded>0</occluded>
		<pose>Right</pose>
		<truncated>1</truncated>
		<part>
			<name>head</name>
			<bndbox>
				<xmin>57</xmin>
				<ymin>90</ymin>
				<xmax>157</xmax>
				<ymax>200</ymax>
			</bndbox>
		</part>
		<part>
			<name>hand</name>
			<bndbox>
				<xmin>157</xmin>
				<ymin>196</ymin>
				<xmax>220</xmax>
				<ymax>277</ymax>
			</bndbox>
		</part>
	</object>
	<object>
		<name>person</name>
		<bndbox>
			<xmax>468</xmax>
			<xmin>269</xmin>
			<ymax>333</ymax>
			<ymin>64</ymin>
		</bndbox>
		<difficult>0</difficult>
		<occluded>0</occluded>
		<pose>Frontal</pose>
		<truncated>1</truncated>
	</object>
	<segmented>0</segmented>
	<size>
		<depth>3</depth>
		<height>333</height>
		<width>500</width>
	</size>
	<source>
		<annotation>PASCAL VOC2010</annotation>
		<database>The VOC2010 Database</database>
		<image>flickr</image>
	</source>
</annotation>
