<annotation>
	<filename>2010_006575.jpg</filename>
	<folder>VOC2010</folder>
	<object>
		<name>person</name>
		<bndbox>
			<xmax>198</xmax>
			<xmin>31</xmin>
			<ymax>375</ymax>
			<ymin>93</ymin>
		</bndbox>
		<difficult>0</difficult>
		<pose>Unspecified</pose>
		<actions>
			<phoning>0</phoning>
			<playinginstrument>1</playinginstrument>
			<reading>0</reading>
			<ridingbike>0</ridingbike>
			<ridinghorse>0</ridinghorse>
			<running>0</running>
			<takingphoto>0</takingphoto>
			<usingcomputer>0</usingcomputer>
			<walking>0</walking>
			<jumping>0</jumping>
			<other>0</other>
		</actions>
		<point>
			<x>149</x>
			<y>208</y>
		</point>
	</object>
	<object>
		<name>person</name>
		<bndbox>
			<xmax>376</xmax>
			<xmin>159</xmin>
			<ymax>375</ymax>
			<ymin>148</ymin>
		</bndbox>
		<difficult>0</difficult>
		<pose>Unspecified</pose>
		<actions>
			<phoning>0</phoning>
			<playinginstrument>1</playinginstrument>
			<reading>0</reading>
			<ridingbike>0</ridingbike>
			<ridinghorse>0</ridinghorse>
			<running>0</running>
			<takingphoto>0</takingphoto>
			<usingcomputer>0</usingcomputer>
			<walking>0</walking>
			<jumping>0</jumping>
			<other>0</other>
		</actions>
		<point>
			<x>320</x>
			<y>271</y>
		</point>
	</object>
	<object>
		<name>person</name>
		<bndbox>
			<xmax>454</xmax>
			<xmin>335</xmin>
			<ymax>375</ymax>
			<ymin>65</ymin>
		</bndbox>
		<difficult>0</difficult>
		<pose>Unspecified</pose>
		<actions>
			<phoning>0</phoning>
			<playinginstrument>1</playinginstrument>
			<reading>0</reading>
			<ridingbike>0</ridingbike>
			<ridinghorse>0</ridinghorse>
			<running>0</running>
			<takingphoto>0</takingphoto>
			<usingcomputer>0</usingcomputer>
			<walking>0</walking>
			<jumping>0</jumping>
			<other>0</other>
		</actions>
		<point>
			<x>386</x>
			<y>102</y>
		</point>
	</object>
	<segmented>0</segmented>
	<size>
		<depth>3</depth>
		<height>375</height>
		<width>500</width>
	</size>
	<source>
		<annotation>PASCAL VOC2010</annotation>
		<database>The VOC2010 Database</database>
		<image>flickr</image>
	</source>
</annotation>
