<annotation>
	<filename>2010_001434.jpg</filename>
	<folder>VOC2012</folder>
	<object>
		<name>sofa</name>
		<bndbox>
			<xmax>398</xmax>
			<xmin>39</xmin>
			<ymax>374</ymax>
			<ymin>245</ymin>
		</bndbox>
		<difficult>0</difficult>
		<occluded>0</occluded>
		<pose>Unspecified</pose>
		<truncated>1</truncated>
	</object>
	<object>
		<name>chair</name>
		<bndbox>
			<xmax>421</xmax>
			<xmin>295</xmin>
			<ymax>309</ymax>
			<ymin>184</ymin>
		</bndbox>
		<difficult>0</difficult>
		<occluded>1</occluded>
		<pose>Frontal</pose>
		<truncated>0</truncated>
	</object>
	<segmented>0</segmented>
	<size>
		<depth>3</depth>
		<height>375</height>
		<width>500</width>
	</size>
	<source>
		<annotation>PASCAL VOC2010</annotation>
		<database>The VOC2010 Database</database>
		<image>flickr</image>
	</source>
</annotation>
