<annotation>
	<filename>2010_004014.jpg</filename>
	<folder>VOC2012</folder>
	<object>
		<name>car</name>
		<bndbox>
			<xmax>58</xmax>
			<xmin>1</xmin>
			<ymax>151</ymax>
			<ymin>79</ymin>
		</bndbox>
		<difficult>1</difficult>
		<occluded>1</occluded>
		<pose>Unspecified</pose>
		<truncated>1</truncated>
	</object>
	<object>
		<name>car</name>
		<bndbox>
			<xmax>500</xmax>
			<xmin>365</xmin>
			<ymax>212</ymax>
			<ymin>52</ymin>
		</bndbox>
		<difficult>0</difficult>
		<occluded>1</occluded>
		<pose>Unspecified</pose>
		<truncated>1</truncated>
	</object>
	<object>
		<name>car</name>
		<bndbox>
			<xmax>500</xmax>
			<xmin>4</xmin>
			<ymax>326</ymax>
			<ymin>1</ymin>
		</bndbox>
		<difficult>0</difficult>
		<occluded>0</occluded>
		<pose>Frontal</pose>
		<truncated>0</truncated>
	</object>
	<segmented>0</segmented>
	<size>
		<depth>3</depth>
		<height>375</height>
		<width>500</width>
	</size>
	<source>
		<annotation>PASCAL VOC2010</annotation>
		<database>The VOC2010 Database</database>
		<image>flickr</image>
	</source>
</annotation>
