<annotation>
	<filename>2010_001024.jpg</filename>
	<folder>VOC2012</folder>
	<object>
		<name>aeroplane</name>
		<bndbox>
			<xmax>500</xmax>
			<xmin>2</xmin>
			<ymax>332</ymax>
			<ymin>101</ymin>
		</bndbox>
		<difficult>0</difficult>
		<occluded>0</occluded>
		<pose>Frontal</pose>
		<truncated>1</truncated>
	</object>
	<object>
		<name>person</name>
		<bndbox>
			<xmax>374</xmax>
			<xmin>333</xmin>
			<ymax>163</ymax>
			<ymin>51</ymin>
		</bndbox>
		<difficult>0</difficult>
		<occluded>1</occluded>
		<pose>Right</pose>
		<truncated>0</truncated>
	</object>
	<object>
		<name>person</name>
		<bndbox>
			<xmax>269</xmax>
			<xmin>221</xmin>
			<ymax>138</ymax>
			<ymin>18</ymin>
		</bndbox>
		<difficult>0</difficult>
		<occluded>0</occluded>
		<pose>Right</pose>
		<truncated>0</truncated>
	</object>
	<object>
		<name>person</name>
		<bndbox>
			<xmax>217</xmax>
			<xmin>176</xmin>
			<ymax>145</ymax>
			<ymin>70</ymin>
		</bndbox>
		<difficult>0</difficult>
		<occluded>0</occluded>
		<pose>Left</pose>
		<truncated>1</truncated>
	</object>
	<object>
		<name>person</name>
		<bndbox>
			<xmax>136</xmax>
			<xmin>89</xmin>
			<ymax>152</ymax>
			<ymin>40</ymin>
		</bndbox>
		<difficult>0</difficult>
		<occluded>0</occluded>
		<pose>Left</pose>
		<truncated>0</truncated>
	</object>
	<segmented>1</segmented>
	<size>
		<depth>3</depth>
		<height>332</height>
		<width>500</width>
	</size>
	<source>
		<annotation>PASCAL VOC2010</annotation>
		<database>The VOC2010 Database</database>
		<image>flickr</image>
	</source>
</annotation>
