<annotation>
	<filename>2010_006603.jpg</filename>
	<folder>VOC2010</folder>
	<object>
		<name>person</name>
		<bndbox>
			<xmax>375</xmax>
			<xmin>45</xmin>
			<ymax>474</ymax>
			<ymin>71</ymin>
		</bndbox>
		<difficult>0</difficult>
		<pose>Unspecified</pose>
		<actions>
			<phoning>0</phoning>
			<playinginstrument>0</playinginstrument>
			<reading>1</reading>
			<ridingbike>0</ridingbike>
			<ridinghorse>0</ridinghorse>
			<running>0</running>
			<takingphoto>0</takingphoto>
			<usingcomputer>0</usingcomputer>
			<walking>0</walking>
			<jumping>0</jumping>
			<other>0</other>
		</actions>
		<point>
			<x>216</x>
			<y>251</y>
		</point>
	</object>
	<segmented>0</segmented>
	<size>
		<depth>3</depth>
		<height>500</height>
		<width>375</width>
	</size>
	<source>
		<annotation>PASCAL VOC2010</annotation>
		<database>The VOC2010 Database</database>
		<image>flickr</image>
	</source>
</annotation>
