<annotation>
	<filename>2010_002539.jpg</filename>
	<folder>VOC2012</folder>
	<object>
		<name>diningtable</name>
		<bndbox>
			<xmax>197</xmax>
			<xmin>1</xmin>
			<ymax>483</ymax>
			<ymin>401</ymin>
		</bndbox>
		<difficult>0</difficult>
		<occluded>1</occluded>
		<pose>Unspecified</pose>
		<truncated>1</truncated>
	</object>
	<object>
		<name>bottle</name>
		<bndbox>
			<xmax>279</xmax>
			<xmin>242</xmin>
			<ymax>499</ymax>
			<ymin>388</ymin>
		</bndbox>
		<difficult>0</difficult>
		<occluded>0</occluded>
		<pose>Unspecified</pose>
		<truncated>0</truncated>
	</object>
	<object>
		<name>bottle</name>
		<bndbox>
			<xmax>57</xmax>
			<xmin>25</xmin>
			<ymax>500</ymax>
			<ymin>455</ymin>
		</bndbox>
		<difficult>1</difficult>
		<occluded>0</occluded>
		<pose>Unspecified</pose>
		<truncated>1</truncated>
	</object>
	<object>
		<name>bottle</name>
		<bndbox>
			<xmax>132</xmax>
			<xmin>123</xmin>
			<ymax>437</ymax>
			<ymin>401</ymin>
		</bndbox>
		<difficult>1</difficult>
		<occluded>0</occluded>
		<pose>Unspecified</pose>
		<truncated>0</truncated>
	</object>
	<object>
		<name>bottle</name>
		<bndbox>
			<xmax>125</xmax>
			<xmin>115</xmin>
			<ymax>431</ymax>
			<ymin>398</ymin>
		</bndbox>
		<difficult>1</difficult>
		<occluded>1</occluded>
		<pose>Unspecified</pose>
		<truncated>0</truncated>
	</object>
	<object>
		<name>bottle</name>
		<bndbox>
			<xmax>14</xmax>
			<xmin>3</xmin>
			<ymax>440</ymax>
			<ymin>407</ymin>
		</bndbox>
		<difficult>1</difficult>
		<occluded>0</occluded>
		<pose>Unspecified</pose>
		<truncated>1</truncated>
	</object>
	<object>
		<name>person</name>
		<bndbox>
			<xmax>243</xmax>
			<xmin>76</xmin>
			<ymax>421</ymax>
			<ymin>94</ymin>
		</bndbox>
		<difficult>0</difficult>
		<occluded>1</occluded>
		<pose>Unspecified</pose>
		<truncated>1</truncated>
	</object>
	<object>
		<name>person</name>
		<bndbox>
			<xmax>350</xmax>
			<xmin>154</xmin>
			<ymax>471</ymax>
			<ymin>233</ymin>
		</bndbox>
		<difficult>0</difficult>
		<occluded>1</occluded>
		<pose>Frontal</pose>
		<truncated>1</truncated>
	</object>
	<segmented>0</segmented>
	<size>
		<depth>3</depth>
		<height>500</height>
		<width>375</width>
	</size>
	<source>
		<annotation>PASCAL VOC2010</annotation>
		<database>The VOC2010 Database</database>
		<image>flickr</image>
	</source>
</annotation>
