<annotation>
	<filename>2010_003035.jpg</filename>
	<folder>VOC2012</folder>
	<object>
		<name>tvmonitor</name>
		<bndbox>
			<xmax>250</xmax>
			<xmin>191</xmin>
			<ymax>101</ymax>
			<ymin>26</ymin>
		</bndbox>
		<difficult>0</difficult>
		<occluded>0</occluded>
		<pose>Unspecified</pose>
		<truncated>1</truncated>
	</object>
	<object>
		<name>person</name>
		<bndbox>
			<xmax>168</xmax>
			<xmin>30</xmin>
			<ymax>165</ymax>
			<ymin>5</ymin>
		</bndbox>
		<difficult>0</difficult>
		<occluded>0</occluded>
		<pose>Unspecified</pose>
		<truncated>1</truncated>
	</object>
	<object>
		<name>tvmonitor</name>
		<bndbox>
			<xmax>53</xmax>
			<xmin>5</xmin>
			<ymax>83</ymax>
			<ymin>39</ymin>
		</bndbox>
		<difficult>0</difficult>
		<occluded>0</occluded>
		<pose>Left</pose>
		<truncated>0</truncated>
	</object>
	<segmented>0</segmented>
	<size>
		<depth>3</depth>
		<height>165</height>
		<width>250</width>
	</size>
	<source>
		<annotation>PASCAL VOC2010</annotation>
		<database>The VOC2010 Database</database>
		<image>flickr</image>
	</source>
</annotation>
