<annotation>
	<filename>2010_000879.jpg</filename>
	<folder>VOC2012</folder>
	<object>
		<name>dog</name>
		<bndbox>
			<xmax>472</xmax>
			<xmin>1</xmin>
			<ymax>478</ymax>
			<ymin>102</ymin>
		</bndbox>
		<difficult>0</difficult>
		<occluded>0</occluded>
		<pose>Unspecified</pose>
		<truncated>0</truncated>
	</object>
	<segmented>0</segmented>
	<size>
		<depth>3</depth>
		<height>500</height>
		<width>498</width>
	</size>
	<source>
		<annotation>PASCAL VOC2010</annotation>
		<database>The VOC2010 Database</database>
		<image>flickr</image>
	</source>
</annotation>
