<annotation>
	<filename>2010_004982.jpg</filename>
	<folder>VOC2012</folder>
	<object>
		<name>tvmonitor</name>
		<bndbox>
			<xmax>136</xmax>
			<xmin>38</xmin>
			<ymax>142</ymax>
			<ymin>37</ymin>
		</bndbox>
		<difficult>0</difficult>
		<occluded>0</occluded>
		<pose>Unspecified</pose>
		<truncated>0</truncated>
	</object>
	<object>
		<name>chair</name>
		<bndbox>
			<xmax>366</xmax>
			<xmin>286</xmin>
			<ymax>259</ymax>
			<ymin>110</ymin>
		</bndbox>
		<difficult>0</difficult>
		<occluded>0</occluded>
		<pose>Right</pose>
		<truncated>1</truncated>
	</object>
	<object>
		<name>pottedplant</name>
		<bndbox>
			<xmax>297</xmax>
			<xmin>124</xmin>
			<ymax>500</ymax>
			<ymin>40</ymin>
		</bndbox>
		<difficult>0</difficult>
		<occluded>0</occluded>
		<pose>Unspecified</pose>
		<truncated>0</truncated>
	</object>
	<segmented>0</segmented>
	<size>
		<depth>3</depth>
		<height>500</height>
		<width>366</width>
	</size>
	<source>
		<annotation>PASCAL VOC2010</annotation>
		<database>The VOC2010 Database</database>
		<image>flickr</image>
	</source>
</annotation>
