<annotation>
	<filename>2010_005901.jpg</filename>
	<folder>VOC2012</folder>
	<object>
		<name>chair</name>
		<bndbox>
			<xmax>128</xmax>
			<xmin>92</xmin>
			<ymax>241</ymax>
			<ymin>209</ymin>
		</bndbox>
		<difficult>0</difficult>
		<occluded>1</occluded>
		<pose>Unspecified</pose>
		<truncated>1</truncated>
	</object>
	<object>
		<name>chair</name>
		<bndbox>
			<xmax>169</xmax>
			<xmin>126</xmin>
			<ymax>249</ymax>
			<ymin>213</ymin>
		</bndbox>
		<difficult>0</difficult>
		<occluded>1</occluded>
		<pose>Unspecified</pose>
		<truncated>1</truncated>
	</object>
	<object>
		<name>chair</name>
		<bndbox>
			<xmax>234</xmax>
			<xmin>187</xmin>
			<ymax>259</ymax>
			<ymin>223</ymin>
		</bndbox>
		<difficult>0</difficult>
		<occluded>1</occluded>
		<pose>Unspecified</pose>
		<truncated>1</truncated>
	</object>
	<object>
		<name>chair</name>
		<bndbox>
			<xmax>307</xmax>
			<xmin>240</xmin>
			<ymax>272</ymax>
			<ymin>225</ymin>
		</bndbox>
		<difficult>0</difficult>
		<occluded>1</occluded>
		<pose>Unspecified</pose>
		<truncated>1</truncated>
	</object>
	<object>
		<name>chair</name>
		<bndbox>
			<xmax>402</xmax>
			<xmin>319</xmin>
			<ymax>294</ymax>
			<ymin>236</ymin>
		</bndbox>
		<difficult>0</difficult>
		<occluded>1</occluded>
		<pose>Unspecified</pose>
		<truncated>1</truncated>
	</object>
	<object>
		<name>chair</name>
		<bndbox>
			<xmax>69</xmax>
			<xmin>1</xmin>
			<ymax>375</ymax>
			<ymin>323</ymin>
		</bndbox>
		<difficult>1</difficult>
		<occluded>0</occluded>
		<pose>Unspecified</pose>
		<truncated>1</truncated>
	</object>
	<object>
		<name>chair</name>
		<bndbox>
			<xmax>486</xmax>
			<xmin>408</xmin>
			<ymax>375</ymax>
			<ymin>299</ymin>
		</bndbox>
		<difficult>0</difficult>
		<occluded>0</occluded>
		<pose>Unspecified</pose>
		<truncated>1</truncated>
	</object>
	<object>
		<name>diningtable</name>
		<bndbox>
			<xmax>419</xmax>
			<xmin>1</xmin>
			<ymax>375</ymax>
			<ymin>233</ymin>
		</bndbox>
		<difficult>0</difficult>
		<occluded>1</occluded>
		<pose>Unspecified</pose>
		<truncated>1</truncated>
	</object>
	<segmented>0</segmented>
	<size>
		<depth>3</depth>
		<height>375</height>
		<width>500</width>
	</size>
	<source>
		<annotation>PASCAL VOC2010</annotation>
		<database>The VOC2010 Database</database>
		<image>flickr</image>
	</source>
</annotation>
