<annotation>
	<filename>2010_003380.jpg</filename>
	<folder>VOC2012</folder>
	<object>
		<name>horse</name>
		<bndbox>
			<xmax>355</xmax>
			<xmin>1</xmin>
			<ymax>500</ymax>
			<ymin>39</ymin>
		</bndbox>
		<difficult>0</difficult>
		<occluded>1</occluded>
		<pose>Unspecified</pose>
		<truncated>1</truncated>
	</object>
	<segmented>1</segmented>
	<size>
		<depth>3</depth>
		<height>500</height>
		<width>375</width>
	</size>
	<source>
		<annotation>PASCAL VOC2010</annotation>
		<database>The VOC2010 Database</database>
		<image>flickr</image>
	</source>
</annotation>
