<annotation>
	<filename>2010_000138.jpg</filename>
	<folder>VOC2012</folder>
	<object>
		<name>horse</name>
		<bndbox>
			<xmax>475</xmax>
			<xmin>432</xmin>
			<ymax>229</ymax>
			<ymin>183</ymin>
		</bndbox>
		<difficult>0</difficult>
		<occluded>0</occluded>
		<pose>Right</pose>
		<truncated>0</truncated>
	</object>
	<object>
		<name>horse</name>
		<bndbox>
			<xmax>264</xmax>
			<xmin>205</xmin>
			<ymax>237</ymax>
			<ymin>178</ymin>
		</bndbox>
		<difficult>0</difficult>
		<occluded>0</occluded>
		<pose>Left</pose>
		<truncated>0</truncated>
	</object>
	<object>
		<name>horse</name>
		<bndbox>
			<xmax>93</xmax>
			<xmin>9</xmin>
			<ymax>233</ymax>
			<ymin>175</ymin>
		</bndbox>
		<difficult>0</difficult>
		<occluded>0</occluded>
		<pose>Left</pose>
		<truncated>0</truncated>
	</object>
	<segmented>0</segmented>
	<size>
		<depth>3</depth>
		<height>375</height>
		<width>500</width>
	</size>
	<source>
		<annotation>PASCAL VOC2010</annotation>
		<database>The VOC2010 Database</database>
		<image>flickr</image>
	</source>
</annotation>
