<annotation>
	<filename>2010_004941.jpg</filename>
	<folder>VOC2012</folder>
	<object>
		<name>motorbike</name>
		<bndbox>
			<xmax>310</xmax>
			<xmin>22</xmin>
			<ymax>474</ymax>
			<ymin>115</ymin>
		</bndbox>
		<difficult>0</difficult>
		<occluded>0</occluded>
		<pose>Unspecified</pose>
		<truncated>0</truncated>
	</object>
	<segmented>1</segmented>
	<size>
		<depth>3</depth>
		<height>500</height>
		<width>333</width>
	</size>
	<source>
		<annotation>PASCAL VOC2010</annotation>
		<database>The VOC2010 Database</database>
		<image>flickr</image>
	</source>
</annotation>
