<annotation>
	<filename>2010_004148.jpg</filename>
	<folder>VOC2012</folder>
	<object>
		<name>train</name>
		<bndbox>
			<xmax>216</xmax>
			<xmin>196</xmin>
			<ymax>228</ymax>
			<ymin>208</ymin>
		</bndbox>
		<difficult>1</difficult>
		<occluded>0</occluded>
		<pose>Unspecified</pose>
		<truncated>1</truncated>
	</object>
	<object>
		<name>train</name>
		<bndbox>
			<xmax>199</xmax>
			<xmin>1</xmin>
			<ymax>303</ymax>
			<ymin>58</ymin>
		</bndbox>
		<difficult>0</difficult>
		<occluded>0</occluded>
		<pose>Unspecified</pose>
		<truncated>1</truncated>
	</object>
	<segmented>0</segmented>
	<size>
		<depth>3</depth>
		<height>375</height>
		<width>500</width>
	</size>
	<source>
		<annotation>PASCAL VOC2010</annotation>
		<database>The VOC2010 Database</database>
		<image>flickr</image>
	</source>
</annotation>
