<annotation>
	<filename>2010_002854.jpg</filename>
	<folder>VOC2012</folder>
	<object>
		<name>bird</name>
		<bndbox>
			<xmax>376</xmax>
			<xmin>305</xmin>
			<ymax>153</ymax>
			<ymin>89</ymin>
		</bndbox>
		<difficult>0</difficult>
		<occluded>0</occluded>
		<pose>Right</pose>
		<truncated>0</truncated>
	</object>
	<object>
		<name>bird</name>
		<bndbox>
			<xmax>236</xmax>
			<xmin>152</xmin>
			<ymax>296</ymax>
			<ymin>32</ymin>
		</bndbox>
		<difficult>0</difficult>
		<occluded>0</occluded>
		<pose>Frontal</pose>
		<truncated>0</truncated>
	</object>
	<object>
		<name>bird</name>
		<bndbox>
			<xmax>156</xmax>
			<xmin>65</xmin>
			<ymax>375</ymax>
			<ymin>261</ymin>
		</bndbox>
		<difficult>0</difficult>
		<occluded>0</occluded>
		<pose>Left</pose>
		<truncated>0</truncated>
	</object>
	<segmented>0</segmented>
	<size>
		<depth>3</depth>
		<height>375</height>
		<width>500</width>
	</size>
	<source>
		<annotation>PASCAL VOC2010</annotation>
		<database>The VOC2010 Database</database>
		<image>flickr</image>
	</source>
</annotation>
