<annotation>
	<filename>2011_001712.jpg</filename>
	<folder>VOC2012</folder>
	<object>
		<name>bird</name>
		<bndbox>
			<xmax>260</xmax>
			<xmin>46</xmin>
			<ymax>500</ymax>
			<ymin>40</ymin>
		</bndbox>
		<difficult>0</difficult>
		<occluded>1</occluded>
		<pose>Frontal</pose>
		<truncated>0</truncated>
	</object>
	<segmented>0</segmented>
	<size>
		<depth>3</depth>
		<height>500</height>
		<width>333</width>
	</size>
	<source>
		<annotation>PASCAL VOC2011</annotation>
		<database>The VOC2011 Database</database>
		<image>flickr</image>
	</source>
</annotation>
