<annotation>
	<filename>2011_001672.jpg</filename>
	<folder>VOC2012</folder>
	<object>
		<name>person</name>
		<bndbox>
			<xmax>179</xmax>
			<xmin>27</xmin>
			<ymax>348</ymax>
			<ymin>29</ymin>
		</bndbox>
		<difficult>0</difficult>
		<occluded>0</occluded>
		<pose>Unspecified</pose>
		<truncated>0</truncated>
		<part>
			<name>head</name>
			<bndbox>
				<xmin>111</xmin>
				<ymin>31</ymin>
				<xmax>150</xmax>
				<ymax>83</ymax>
			</bndbox>
		</part>
		<part>
			<name>hand</name>
			<bndbox>
				<xmin>81</xmin>
				<ymin>167</ymin>
				<xmax>107</xmax>
				<ymax>189</ymax>
			</bndbox>
		</part>
		<part>
			<name>hand</name>
			<bndbox>
				<xmin>75</xmin>
				<ymin>166</ymin>
				<xmax>98</xmax>
				<ymax>193</ymax>
			</bndbox>
		</part>
		<part>
			<name>foot</name>
			<bndbox>
				<xmin>44</xmin>
				<ymin>316</ymin>
				<xmax>97</xmax>
				<ymax>346</ymax>
			</bndbox>
		</part>
		<part>
			<name>foot</name>
			<bndbox>
				<xmin>29</xmin>
				<ymin>309</ymin>
				<xmax>64</xmax>
				<ymax>335</ymax>
			</bndbox>
		</part>
	</object>
	<segmented>0</segmented>
	<size>
		<depth>3</depth>
		<height>375</height>
		<width>500</width>
	</size>
	<source>
		<annotation>PASCAL VOC2011</annotation>
		<database>The VOC2011 Database</database>
		<image>flickr</image>
	</source>
</annotation>
