<annotation>
	<filename>2011_002958.jpg</filename>
	<folder>VOC2012</folder>
	<object>
		<name>bicycle</name>
		<bndbox>
			<xmax>133</xmax>
			<xmin>43</xmin>
			<ymax>279</ymax>
			<ymin>87</ymin>
		</bndbox>
		<difficult>0</difficult>
		<occluded>0</occluded>
		<pose>Unspecified</pose>
		<truncated>1</truncated>
	</object>
	<object>
		<name>person</name>
		<bndbox>
			<xmax>500</xmax>
			<xmin>478</xmin>
			<ymax>168</ymax>
			<ymin>44</ymin>
		</bndbox>
		<difficult>1</difficult>
		<occluded>0</occluded>
		<pose>Right</pose>
		<truncated>1</truncated>
	</object>
	<object>
		<name>person</name>
		<bndbox>
			<xmax>475</xmax>
			<xmin>379</xmin>
			<ymax>265</ymax>
			<ymin>1</ymin>
		</bndbox>
		<difficult>0</difficult>
		<occluded>0</occluded>
		<pose>Right</pose>
		<truncated>1</truncated>
	</object>
	<object>
		<name>person</name>
		<bndbox>
			<xmax>375</xmax>
			<xmin>228</xmin>
			<ymax>333</ymax>
			<ymin>43</ymin>
		</bndbox>
		<difficult>0</difficult>
		<occluded>0</occluded>
		<pose>Frontal</pose>
		<truncated>0</truncated>
	</object>
	<object>
		<name>person</name>
		<bndbox>
			<xmax>230</xmax>
			<xmin>112</xmin>
			<ymax>319</ymax>
			<ymin>39</ymin>
		</bndbox>
		<difficult>0</difficult>
		<occluded>0</occluded>
		<pose>Frontal</pose>
		<truncated>0</truncated>
	</object>
	<segmented>0</segmented>
	<size>
		<depth>3</depth>
		<height>333</height>
		<width>500</width>
	</size>
	<source>
		<annotation>PASCAL VOC2011</annotation>
		<database>The VOC2011 Database</database>
		<image>flickr</image>
	</source>
</annotation>
