<annotation>
	<filename>2011_003273.jpg</filename>
	<folder>VOC2012</folder>
	<object>
		<name>person</name>
		<bndbox>
			<xmax>196</xmax>
			<xmin>50</xmin>
			<ymax>334</ymax>
			<ymin>49</ymin>
		</bndbox>
		<difficult>0</difficult>
		<occluded>0</occluded>
		<pose>Right</pose>
		<truncated>1</truncated>
		<part>
			<name>hand</name>
			<bndbox>
				<xmin>147</xmin>
				<ymin>168</ymin>
				<xmax>194</xmax>
				<ymax>193</ymax>
			</bndbox>
		</part>
		<part>
			<name>head</name>
			<bndbox>
				<xmin>94</xmin>
				<ymin>50</ymin>
				<xmax>145</xmax>
				<ymax>115</ymax>
			</bndbox>
		</part>
	</object>
	<segmented>0</segmented>
	<size>
		<depth>3</depth>
		<height>334</height>
		<width>500</width>
	</size>
	<source>
		<annotation>PASCAL VOC2011</annotation>
		<database>The VOC2011 Database</database>
		<image>flickr</image>
	</source>
</annotation>
