<annotation>
	<filename>2011_002582.jpg</filename>
	<folder>VOC2012</folder>
	<object>
		<name>bird</name>
		<bndbox>
			<xmax>361</xmax>
			<xmin>1</xmin>
			<ymax>388</ymax>
			<ymin>105</ymin>
		</bndbox>
		<difficult>0</difficult>
		<occluded>0</occluded>
		<pose>Right</pose>
		<truncated>1</truncated>
	</object>
	<segmented>0</segmented>
	<size>
		<depth>3</depth>
		<height>389</height>
		<width>500</width>
	</size>
	<source>
		<annotation>PASCAL VOC2011</annotation>
		<database>The VOC2011 Database</database>
		<image>flickr</image>
	</source>
</annotation>
