<annotation>
	<filename>2011_002186.jpg</filename>
	<folder>VOC2012</folder>
	<object>
		<name>person</name>
		<bndbox>
			<xmax>276</xmax>
			<xmin>2</xmin>
			<ymax>335</ymax>
			<ymin>107</ymin>
		</bndbox>
		<difficult>0</difficult>
		<occluded>0</occluded>
		<pose>Unspecified</pose>
		<truncated>1</truncated>
	</object>
	<object>
		<name>cat</name>
		<bndbox>
			<xmax>428</xmax>
			<xmin>229</xmin>
			<ymax>183</ymax>
			<ymin>59</ymin>
		</bndbox>
		<difficult>0</difficult>
		<occluded>1</occluded>
		<pose>Unspecified</pose>
		<truncated>0</truncated>
	</object>
	<object>
		<name>sofa</name>
		<bndbox>
			<xmax>480</xmax>
			<xmin>1</xmin>
			<ymax>335</ymax>
			<ymin>1</ymin>
		</bndbox>
		<difficult>0</difficult>
		<occluded>1</occluded>
		<pose>Unspecified</pose>
		<truncated>1</truncated>
	</object>
	<object>
		<name>bottle</name>
		<bndbox>
			<xmax>486</xmax>
			<xmin>464</xmin>
			<ymax>163</ymax>
			<ymin>100</ymin>
		</bndbox>
		<difficult>0</difficult>
		<occluded>1</occluded>
		<pose>Unspecified</pose>
		<truncated>1</truncated>
	</object>
	<object>
		<name>bottle</name>
		<bndbox>
			<xmax>492</xmax>
			<xmin>476</xmin>
			<ymax>91</ymax>
			<ymin>37</ymin>
		</bndbox>
		<difficult>0</difficult>
		<occluded>1</occluded>
		<pose>Unspecified</pose>
		<truncated>1</truncated>
	</object>
	<segmented>0</segmented>
	<size>
		<depth>3</depth>
		<height>335</height>
		<width>500</width>
	</size>
	<source>
		<annotation>PASCAL VOC2011</annotation>
		<database>The VOC2011 Database</database>
		<image>flickr</image>
	</source>
</annotation>
