<annotation>
	<filename>2011_002970.jpg</filename>
	<folder>VOC2012</folder>
	<object>
		<name>tvmonitor</name>
		<bndbox>
			<xmax>376</xmax>
			<xmin>63</xmin>
			<ymax>347</ymax>
			<ymin>15</ymin>
		</bndbox>
		<difficult>0</difficult>
		<occluded>1</occluded>
		<pose>Frontal</pose>
		<truncated>0</truncated>
	</object>
	<segmented>0</segmented>
	<size>
		<depth>3</depth>
		<height>375</height>
		<width>500</width>
	</size>
	<source>
		<annotation>PASCAL VOC2011</annotation>
		<database>The VOC2011 Database</database>
		<image>flickr</image>
	</source>
</annotation>
