<annotation>
	<filename>2011_003059.jpg</filename>
	<folder>VOC2012</folder>
	<object>
		<name>train</name>
		<bndbox>
			<xmax>346</xmax>
			<xmin>89</xmin>
			<ymax>341</ymax>
			<ymin>18</ymin>
		</bndbox>
		<difficult>0</difficult>
		<occluded>0</occluded>
		<pose>Frontal</pose>
		<truncated>0</truncated>
	</object>
	<segmented>0</segmented>
	<size>
		<depth>3</depth>
		<height>375</height>
		<width>500</width>
	</size>
	<source>
		<annotation>PASCAL VOC2011</annotation>
		<database>The VOC2011 Database</database>
		<image>flickr</image>
	</source>
</annotation>
