<annotation>
	<filename>2011_002555.jpg</filename>
	<folder>VOC2012</folder>
	<object>
		<name>horse</name>
		<bndbox>
			<xmax>318</xmax>
			<xmin>51</xmin>
			<ymax>357</ymax>
			<ymin>23</ymin>
		</bndbox>
		<difficult>0</difficult>
		<occluded>0</occluded>
		<pose>Unspecified</pose>
		<truncated>0</truncated>
	</object>
	<object>
		<name>horse</name>
		<bndbox>
			<xmax>409</xmax>
			<xmin>289</xmin>
			<ymax>315</ymax>
			<ymin>7</ymin>
		</bndbox>
		<difficult>0</difficult>
		<occluded>1</occluded>
		<pose>Unspecified</pose>
		<truncated>1</truncated>
	</object>
	<object>
		<name>horse</name>
		<bndbox>
			<xmax>61</xmax>
			<xmin>30</xmin>
			<ymax>146</ymax>
			<ymin>110</ymin>
		</bndbox>
		<difficult>1</difficult>
		<occluded>1</occluded>
		<pose>Unspecified</pose>
		<truncated>0</truncated>
	</object>
	<object>
		<name>person</name>
		<bndbox>
			<xmax>359</xmax>
			<xmin>223</xmin>
			<ymax>334</ymax>
			<ymin>49</ymin>
		</bndbox>
		<difficult>0</difficult>
		<occluded>1</occluded>
		<pose>Rear</pose>
		<truncated>0</truncated>
	</object>
	<segmented>0</segmented>
	<size>
		<depth>3</depth>
		<height>358</height>
		<width>500</width>
	</size>
	<source>
		<annotation>PASCAL VOC2011</annotation>
		<database>The VOC2011 Database</database>
		<image>flickr</image>
	</source>
</annotation>
