<annotation>
	<filename>2011_000791.jpg</filename>
	<folder>VOC2012</folder>
	<object>
		<name>bicycle</name>
		<bndbox>
			<xmax>500</xmax>
			<xmin>1</xmin>
			<ymax>312</ymax>
			<ymin>1</ymin>
		</bndbox>
		<difficult>0</difficult>
		<occluded>0</occluded>
		<pose>Right</pose>
		<truncated>0</truncated>
	</object>
	<segmented>0</segmented>
	<size>
		<depth>3</depth>
		<height>375</height>
		<width>500</width>
	</size>
	<source>
		<annotation>PASCAL VOC2011</annotation>
		<database>The VOC2011 Database</database>
		<image>flickr</image>
	</source>
</annotation>
