<annotation>
	<filename>2011_002838.jpg</filename>
	<folder>VOC2012</folder>
	<object>
		<name>diningtable</name>
		<bndbox>
			<xmax>456</xmax>
			<xmin>2</xmin>
			<ymax>375</ymax>
			<ymin>251</ymin>
		</bndbox>
		<difficult>0</difficult>
		<occluded>0</occluded>
		<pose>Unspecified</pose>
		<truncated>0</truncated>
	</object>
	<object>
		<name>person</name>
		<bndbox>
			<xmax>239</xmax>
			<xmin>169</xmin>
			<ymax>230</ymax>
			<ymin>50</ymin>
		</bndbox>
		<difficult>1</difficult>
		<occluded>0</occluded>
		<pose>Unspecified</pose>
		<truncated>0</truncated>
	</object>
	<object>
		<name>person</name>
		<bndbox>
			<xmax>218</xmax>
			<xmin>1</xmin>
			<ymax>285</ymax>
			<ymin>68</ymin>
		</bndbox>
		<difficult>0</difficult>
		<occluded>0</occluded>
		<pose>Unspecified</pose>
		<truncated>0</truncated>
	</object>
	<object>
		<name>person</name>
		<bndbox>
			<xmax>447</xmax>
			<xmin>279</xmin>
			<ymax>290</ymax>
			<ymin>59</ymin>
		</bndbox>
		<difficult>0</difficult>
		<occluded>0</occluded>
		<pose>Unspecified</pose>
		<truncated>0</truncated>
	</object>
	<object>
		<name>person</name>
		<bndbox>
			<xmax>499</xmax>
			<xmin>324</xmin>
			<ymax>266</ymax>
			<ymin>65</ymin>
		</bndbox>
		<difficult>0</difficult>
		<occluded>0</occluded>
		<pose>Unspecified</pose>
		<truncated>0</truncated>
	</object>
	<object>
		<name>person</name>
		<bndbox>
			<xmax>296</xmax>
			<xmin>255</xmin>
			<ymax>258</ymax>
			<ymin>60</ymin>
		</bndbox>
		<difficult>0</difficult>
		<occluded>0</occluded>
		<pose>Unspecified</pose>
		<truncated>0</truncated>
	</object>
	<object>
		<name>person</name>
		<bndbox>
			<xmax>259</xmax>
			<xmin>202</xmin>
			<ymax>256</ymax>
			<ymin>57</ymin>
		</bndbox>
		<difficult>1</difficult>
		<occluded>0</occluded>
		<pose>Unspecified</pose>
		<truncated>0</truncated>
	</object>
	<object>
		<name>person</name>
		<bndbox>
			<xmax>167</xmax>
			<xmin>119</xmin>
			<ymax>204</ymax>
			<ymin>72</ymin>
		</bndbox>
		<difficult>1</difficult>
		<occluded>0</occluded>
		<pose>Unspecified</pose>
		<truncated>0</truncated>
	</object>
	<segmented>0</segmented>
	<size>
		<depth>3</depth>
		<height>375</height>
		<width>500</width>
	</size>
	<source>
		<annotation>PASCAL VOC2011</annotation>
		<database>The VOC2011 Database</database>
		<image>flickr</image>
	</source>
</annotation>
