<annotation>
	<filename>2011_000593.jpg</filename>
	<folder>VOC2012</folder>
	<object>
		<name>person</name>
		<bndbox>
			<xmax>410</xmax>
			<xmin>161</xmin>
			<ymax>375</ymax>
			<ymin>118</ymin>
		</bndbox>
		<difficult>0</difficult>
		<occluded>1</occluded>
		<pose>Unspecified</pose>
		<truncated>1</truncated>
		<part>
			<name>head</name>
			<bndbox>
				<xmin>265</xmin>
				<ymin>118</ymin>
				<xmax>386</xmax>
				<ymax>232</ymax>
			</bndbox>
		</part>
		<part>
			<name>hand</name>
			<bndbox>
				<xmin>262</xmin>
				<ymin>139</ymin>
				<xmax>318</xmax>
				<ymax>201</ymax>
			</bndbox>
		</part>
		<part>
			<name>hand</name>
			<bndbox>
				<xmin>234</xmin>
				<ymin>140</ymin>
				<xmax>282</xmax>
				<ymax>202</ymax>
			</bndbox>
		</part>
	</object>
	<segmented>0</segmented>
	<size>
		<depth>3</depth>
		<height>375</height>
		<width>500</width>
	</size>
	<source>
		<annotation>PASCAL VOC2011</annotation>
		<database>The VOC2011 Database</database>
		<image>flickr</image>
	</source>
</annotation>
