<annotation>
	<filename>2011_002780.jpg</filename>
	<folder>VOC2012</folder>
	<object>
		<name>bus</name>
		<bndbox>
			<xmax>500</xmax>
			<xmin>1</xmin>
			<ymax>371</ymax>
			<ymin>3</ymin>
		</bndbox>
		<difficult>0</difficult>
		<occluded>0</occluded>
		<pose>Unspecified</pose>
		<truncated>1</truncated>
	</object>
	<object>
		<name>person</name>
		<bndbox>
			<xmax>369</xmax>
			<xmin>316</xmin>
			<ymax>224</ymax>
			<ymin>175</ymin>
		</bndbox>
		<difficult>0</difficult>
		<occluded>1</occluded>
		<pose>Unspecified</pose>
		<truncated>1</truncated>
	</object>
	<object>
		<name>person</name>
		<bndbox>
			<xmax>186</xmax>
			<xmin>151</xmin>
			<ymax>216</ymax>
			<ymin>177</ymin>
		</bndbox>
		<difficult>1</difficult>
		<occluded>0</occluded>
		<pose>Unspecified</pose>
		<truncated>1</truncated>
	</object>
	<object>
		<name>person</name>
		<bndbox>
			<xmax>282</xmax>
			<xmin>263</xmin>
			<ymax>226</ymax>
			<ymin>186</ymin>
		</bndbox>
		<difficult>1</difficult>
		<occluded>0</occluded>
		<pose>Unspecified</pose>
		<truncated>1</truncated>
	</object>
	<object>
		<name>person</name>
		<bndbox>
			<xmax>264</xmax>
			<xmin>233</xmin>
			<ymax>219</ymax>
			<ymin>182</ymin>
		</bndbox>
		<difficult>1</difficult>
		<occluded>0</occluded>
		<pose>Unspecified</pose>
		<truncated>1</truncated>
	</object>
	<segmented>0</segmented>
	<size>
		<depth>3</depth>
		<height>375</height>
		<width>500</width>
	</size>
	<source>
		<annotation>PASCAL VOC2011</annotation>
		<database>The VOC2011 Database</database>
		<image>flickr</image>
	</source>
</annotation>
