<annotation>
	<filename>2011_002227.jpg</filename>
	<folder>VOC2012</folder>
	<object>
		<name>bus</name>
		<bndbox>
			<xmax>490</xmax>
			<xmin>253</xmin>
			<ymax>222</ymax>
			<ymin>1</ymin>
		</bndbox>
		<difficult>0</difficult>
		<occluded>0</occluded>
		<pose>Frontal</pose>
		<truncated>0</truncated>
	</object>
	<object>
		<name>person</name>
		<bndbox>
			<xmax>276</xmax>
			<xmin>259</xmin>
			<ymax>214</ymax>
			<ymin>120</ymin>
		</bndbox>
		<difficult>1</difficult>
		<occluded>0</occluded>
		<pose>Right</pose>
		<truncated>1</truncated>
	</object>
	<object>
		<name>person</name>
		<bndbox>
			<xmax>246</xmax>
			<xmin>170</xmin>
			<ymax>270</ymax>
			<ymin>160</ymin>
		</bndbox>
		<difficult>0</difficult>
		<occluded>1</occluded>
		<pose>Right</pose>
		<truncated>0</truncated>
	</object>
	<object>
		<name>person</name>
		<bndbox>
			<xmax>211</xmax>
			<xmin>124</xmin>
			<ymax>300</ymax>
			<ymin>196</ymin>
		</bndbox>
		<difficult>0</difficult>
		<occluded>0</occluded>
		<pose>Right</pose>
		<truncated>1</truncated>
	</object>
	<object>
		<name>person</name>
		<bndbox>
			<xmax>166</xmax>
			<xmin>104</xmin>
			<ymax>266</ymax>
			<ymin>165</ymin>
		</bndbox>
		<difficult>0</difficult>
		<occluded>1</occluded>
		<pose>Right</pose>
		<truncated>1</truncated>
	</object>
	<object>
		<name>person</name>
		<bndbox>
			<xmax>145</xmax>
			<xmin>44</xmin>
			<ymax>364</ymax>
			<ymin>165</ymin>
		</bndbox>
		<difficult>0</difficult>
		<occluded>0</occluded>
		<pose>Right</pose>
		<truncated>0</truncated>
	</object>
	<object>
		<name>person</name>
		<bndbox>
			<xmax>51</xmax>
			<xmin>4</xmin>
			<ymax>297</ymax>
			<ymin>192</ymin>
		</bndbox>
		<difficult>0</difficult>
		<occluded>1</occluded>
		<pose>Unspecified</pose>
		<truncated>1</truncated>
	</object>
	<segmented>1</segmented>
	<size>
		<depth>3</depth>
		<height>375</height>
		<width>500</width>
	</size>
	<source>
		<annotation>PASCAL VOC2011</annotation>
		<database>The VOC2011 Database</database>
		<image>flickr</image>
	</source>
</annotation>
