<annotation>
	<filename>2011_000197.jpg</filename>
	<folder>VOC2012</folder>
	<object>
		<name>train</name>
		<bndbox>
			<xmax>499</xmax>
			<xmin>11</xmin>
			<ymax>333</ymax>
			<ymin>1</ymin>
		</bndbox>
		<difficult>0</difficult>
		<occluded>0</occluded>
		<pose>Left</pose>
		<truncated>1</truncated>
	</object>
	<segmented>1</segmented>
	<size>
		<depth>3</depth>
		<height>333</height>
		<width>500</width>
	</size>
	<source>
		<annotation>PASCAL VOC2011</annotation>
		<database>The VOC2011 Database</database>
		<image>flickr</image>
	</source>
</annotation>
