<annotation>
	<filename>2011_002810.jpg</filename>
	<folder>VOC2012</folder>
	<object>
		<name>tvmonitor</name>
		<bndbox>
			<xmax>91</xmax>
			<xmin>28</xmin>
			<ymax>259</ymax>
			<ymin>201</ymin>
		</bndbox>
		<difficult>0</difficult>
		<occluded>1</occluded>
		<pose>Unspecified</pose>
		<truncated>0</truncated>
	</object>
	<object>
		<name>chair</name>
		<bndbox>
			<xmax>91</xmax>
			<xmin>17</xmin>
			<ymax>342</ymax>
			<ymin>254</ymin>
		</bndbox>
		<difficult>1</difficult>
		<occluded>1</occluded>
		<pose>Unspecified</pose>
		<truncated>1</truncated>
	</object>
	<object>
		<name>sofa</name>
		<bndbox>
			<xmax>500</xmax>
			<xmin>259</xmin>
			<ymax>342</ymax>
			<ymin>225</ymin>
		</bndbox>
		<difficult>0</difficult>
		<occluded>1</occluded>
		<pose>Unspecified</pose>
		<truncated>1</truncated>
	</object>
	<object>
		<name>chair</name>
		<bndbox>
			<xmax>30</xmax>
			<xmin>2</xmin>
			<ymax>283</ymax>
			<ymin>230</ymin>
		</bndbox>
		<difficult>1</difficult>
		<occluded>0</occluded>
		<pose>Unspecified</pose>
		<truncated>1</truncated>
	</object>
	<object>
		<name>pottedplant</name>
		<bndbox>
			<xmax>35</xmax>
			<xmin>2</xmin>
			<ymax>265</ymax>
			<ymin>184</ymin>
		</bndbox>
		<difficult>0</difficult>
		<occluded>1</occluded>
		<pose>Unspecified</pose>
		<truncated>1</truncated>
	</object>
	<object>
		<name>pottedplant</name>
		<bndbox>
			<xmax>178</xmax>
			<xmin>162</xmin>
			<ymax>144</ymax>
			<ymin>108</ymin>
		</bndbox>
		<difficult>0</difficult>
		<occluded>0</occluded>
		<pose>Unspecified</pose>
		<truncated>0</truncated>
	</object>
	<object>
		<name>pottedplant</name>
		<bndbox>
			<xmax>199</xmax>
			<xmin>177</xmin>
			<ymax>142</ymax>
			<ymin>107</ymin>
		</bndbox>
		<difficult>0</difficult>
		<occluded>0</occluded>
		<pose>Unspecified</pose>
		<truncated>0</truncated>
	</object>
	<object>
		<name>pottedplant</name>
		<bndbox>
			<xmax>216</xmax>
			<xmin>195</xmin>
			<ymax>142</ymax>
			<ymin>111</ymin>
		</bndbox>
		<difficult>0</difficult>
		<occluded>0</occluded>
		<pose>Unspecified</pose>
		<truncated>0</truncated>
	</object>
	<object>
		<name>pottedplant</name>
		<bndbox>
			<xmax>257</xmax>
			<xmin>228</xmin>
			<ymax>128</ymax>
			<ymin>109</ymin>
		</bndbox>
		<difficult>0</difficult>
		<occluded>0</occluded>
		<pose>Unspecified</pose>
		<truncated>0</truncated>
	</object>
	<object>
		<name>pottedplant</name>
		<bndbox>
			<xmax>286</xmax>
			<xmin>264</xmin>
			<ymax>130</ymax>
			<ymin>107</ymin>
		</bndbox>
		<difficult>0</difficult>
		<occluded>0</occluded>
		<pose>Unspecified</pose>
		<truncated>0</truncated>
	</object>
	<object>
		<name>pottedplant</name>
		<bndbox>
			<xmax>325</xmax>
			<xmin>296</xmin>
			<ymax>142</ymax>
			<ymin>105</ymin>
		</bndbox>
		<difficult>0</difficult>
		<occluded>0</occluded>
		<pose>Unspecified</pose>
		<truncated>0</truncated>
	</object>
	<object>
		<name>pottedplant</name>
		<bndbox>
			<xmax>350</xmax>
			<xmin>323</xmin>
			<ymax>140</ymax>
			<ymin>103</ymin>
		</bndbox>
		<difficult>0</difficult>
		<occluded>0</occluded>
		<pose>Unspecified</pose>
		<truncated>0</truncated>
	</object>
	<object>
		<name>pottedplant</name>
		<bndbox>
			<xmax>357</xmax>
			<xmin>338</xmin>
			<ymax>186</ymax>
			<ymin>162</ymin>
		</bndbox>
		<difficult>0</difficult>
		<occluded>0</occluded>
		<pose>Unspecified</pose>
		<truncated>0</truncated>
	</object>
	<object>
		<name>pottedplant</name>
		<bndbox>
			<xmax>340</xmax>
			<xmin>309</xmin>
			<ymax>187</ymax>
			<ymin>149</ymin>
		</bndbox>
		<difficult>0</difficult>
		<occluded>0</occluded>
		<pose>Unspecified</pose>
		<truncated>0</truncated>
	</object>
	<object>
		<name>pottedplant</name>
		<bndbox>
			<xmax>316</xmax>
			<xmin>296</xmin>
			<ymax>186</ymax>
			<ymin>149</ymin>
		</bndbox>
		<difficult>0</difficult>
		<occluded>0</occluded>
		<pose>Unspecified</pose>
		<truncated>0</truncated>
	</object>
	<object>
		<name>pottedplant</name>
		<bndbox>
			<xmax>175</xmax>
			<xmin>158</xmin>
			<ymax>187</ymax>
			<ymin>149</ymin>
		</bndbox>
		<difficult>0</difficult>
		<occluded>0</occluded>
		<pose>Unspecified</pose>
		<truncated>0</truncated>
	</object>
	<object>
		<name>pottedplant</name>
		<bndbox>
			<xmax>192</xmax>
			<xmin>177</xmin>
			<ymax>187</ymax>
			<ymin>158</ymin>
		</bndbox>
		<difficult>0</difficult>
		<occluded>0</occluded>
		<pose>Unspecified</pose>
		<truncated>0</truncated>
	</object>
	<object>
		<name>pottedplant</name>
		<bndbox>
			<xmax>202</xmax>
			<xmin>191</xmin>
			<ymax>185</ymax>
			<ymin>165</ymin>
		</bndbox>
		<difficult>1</difficult>
		<occluded>0</occluded>
		<pose>Unspecified</pose>
		<truncated>0</truncated>
	</object>
	<object>
		<name>pottedplant</name>
		<bndbox>
			<xmax>217</xmax>
			<xmin>203</xmin>
			<ymax>185</ymax>
			<ymin>156</ymin>
		</bndbox>
		<difficult>0</difficult>
		<occluded>0</occluded>
		<pose>Unspecified</pose>
		<truncated>0</truncated>
	</object>
	<object>
		<name>pottedplant</name>
		<bndbox>
			<xmax>181</xmax>
			<xmin>158</xmin>
			<ymax>226</ymax>
			<ymin>190</ymin>
		</bndbox>
		<difficult>0</difficult>
		<occluded>0</occluded>
		<pose>Unspecified</pose>
		<truncated>0</truncated>
	</object>
	<object>
		<name>pottedplant</name>
		<bndbox>
			<xmax>181</xmax>
			<xmin>168</xmin>
			<ymax>227</ymax>
			<ymin>203</ymin>
		</bndbox>
		<difficult>0</difficult>
		<occluded>0</occluded>
		<pose>Unspecified</pose>
		<truncated>0</truncated>
	</object>
	<object>
		<name>pottedplant</name>
		<bndbox>
			<xmax>215</xmax>
			<xmin>201</xmin>
			<ymax>225</ymax>
			<ymin>192</ymin>
		</bndbox>
		<difficult>0</difficult>
		<occluded>0</occluded>
		<pose>Unspecified</pose>
		<truncated>0</truncated>
	</object>
	<object>
		<name>pottedplant</name>
		<bndbox>
			<xmax>240</xmax>
			<xmin>225</xmin>
			<ymax>172</ymax>
			<ymin>149</ymin>
		</bndbox>
		<difficult>1</difficult>
		<occluded>0</occluded>
		<pose>Unspecified</pose>
		<truncated>0</truncated>
	</object>
	<object>
		<name>pottedplant</name>
		<bndbox>
			<xmax>252</xmax>
			<xmin>237</xmin>
			<ymax>172</ymax>
			<ymin>139</ymin>
		</bndbox>
		<difficult>0</difficult>
		<occluded>0</occluded>
		<pose>Unspecified</pose>
		<truncated>0</truncated>
	</object>
	<object>
		<name>pottedplant</name>
		<bndbox>
			<xmax>270</xmax>
			<xmin>253</xmin>
			<ymax>173</ymax>
			<ymin>139</ymin>
		</bndbox>
		<difficult>0</difficult>
		<occluded>0</occluded>
		<pose>Unspecified</pose>
		<truncated>0</truncated>
	</object>
	<object>
		<name>pottedplant</name>
		<bndbox>
			<xmax>284</xmax>
			<xmin>268</xmin>
			<ymax>172</ymax>
			<ymin>145</ymin>
		</bndbox>
		<difficult>0</difficult>
		<occluded>0</occluded>
		<pose>Unspecified</pose>
		<truncated>0</truncated>
	</object>
	<object>
		<name>pottedplant</name>
		<bndbox>
			<xmax>247</xmax>
			<xmin>224</xmin>
			<ymax>233</ymax>
			<ymin>178</ymin>
		</bndbox>
		<difficult>0</difficult>
		<occluded>0</occluded>
		<pose>Unspecified</pose>
		<truncated>0</truncated>
	</object>
	<object>
		<name>pottedplant</name>
		<bndbox>
			<xmax>264</xmax>
			<xmin>244</xmin>
			<ymax>232</ymax>
			<ymin>202</ymin>
		</bndbox>
		<difficult>0</difficult>
		<occluded>0</occluded>
		<pose>Unspecified</pose>
		<truncated>0</truncated>
	</object>
	<object>
		<name>pottedplant</name>
		<bndbox>
			<xmax>286</xmax>
			<xmin>259</xmin>
			<ymax>223</ymax>
			<ymin>191</ymin>
		</bndbox>
		<difficult>0</difficult>
		<occluded>0</occluded>
		<pose>Unspecified</pose>
		<truncated>0</truncated>
	</object>
	<object>
		<name>pottedplant</name>
		<bndbox>
			<xmax>341</xmax>
			<xmin>320</xmin>
			<ymax>224</ymax>
			<ymin>193</ymin>
		</bndbox>
		<difficult>0</difficult>
		<occluded>0</occluded>
		<pose>Unspecified</pose>
		<truncated>0</truncated>
	</object>
	<object>
		<name>pottedplant</name>
		<bndbox>
			<xmax>318</xmax>
			<xmin>296</xmin>
			<ymax>225</ymax>
			<ymin>191</ymin>
		</bndbox>
		<difficult>0</difficult>
		<occluded>0</occluded>
		<pose>Unspecified</pose>
		<truncated>0</truncated>
	</object>
	<object>
		<name>pottedplant</name>
		<bndbox>
			<xmax>328</xmax>
			<xmin>308</xmin>
			<ymax>227</ymax>
			<ymin>193</ymin>
		</bndbox>
		<difficult>0</difficult>
		<occluded>0</occluded>
		<pose>Unspecified</pose>
		<truncated>0</truncated>
	</object>
	<segmented>0</segmented>
	<size>
		<depth>3</depth>
		<height>342</height>
		<width>500</width>
	</size>
	<source>
		<annotation>PASCAL VOC2011</annotation>
		<database>The VOC2011 Database</database>
		<image>flickr</image>
	</source>
</annotation>
