<annotation>
	<filename>2011_002964.jpg</filename>
	<folder>VOC2012</folder>
	<object>
		<name>person</name>
		<bndbox>
			<xmax>472</xmax>
			<xmin>356</xmin>
			<ymax>375</ymax>
			<ymin>50</ymin>
		</bndbox>
		<difficult>0</difficult>
		<occluded>0</occluded>
		<pose>Unspecified</pose>
		<truncated>1</truncated>
		<part>
			<name>head</name>
			<bndbox>
				<xmin>385</xmin>
				<ymin>51</ymin>
				<xmax>427</xmax>
				<ymax>100</ymax>
			</bndbox>
		</part>
		<part>
			<name>hand</name>
			<bndbox>
				<xmin>395</xmin>
				<ymin>180</ymin>
				<xmax>417</xmax>
				<ymax>197</ymax>
			</bndbox>
		</part>
		<part>
			<name>hand</name>
			<bndbox>
				<xmin>356</xmin>
				<ymin>174</ymin>
				<xmax>381</xmax>
				<ymax>195</ymax>
			</bndbox>
		</part>
		<part>
			<name>foot</name>
			<bndbox>
				<xmin>409</xmin>
				<ymin>360</ymin>
				<xmax>422</xmax>
				<ymax>369</ymax>
			</bndbox>
		</part>
	</object>
	<object>
		<name>person</name>
		<bndbox>
			<xmax>225</xmax>
			<xmin>134</xmin>
			<ymax>280</ymax>
			<ymin>20</ymin>
		</bndbox>
		<difficult>0</difficult>
		<occluded>1</occluded>
		<pose>Unspecified</pose>
		<truncated>0</truncated>
		<part>
			<name>foot</name>
			<bndbox>
				<xmin>151</xmin>
				<ymin>265</ymin>
				<xmax>167</xmax>
				<ymax>280</ymax>
			</bndbox>
		</part>
		<part>
			<name>foot</name>
			<bndbox>
				<xmin>183</xmin>
				<ymin>265</ymin>
				<xmax>201</xmax>
				<ymax>276</ymax>
			</bndbox>
		</part>
		<part>
			<name>hand</name>
			<bndbox>
				<xmin>208</xmin>
				<ymin>62</ymin>
				<xmax>225</xmax>
				<ymax>75</ymax>
			</bndbox>
		</part>
		<part>
			<name>hand</name>
			<bndbox>
				<xmin>170</xmin>
				<ymin>71</ymin>
				<xmax>195</xmax>
				<ymax>91</ymax>
			</bndbox>
		</part>
		<part>
			<name>head</name>
			<bndbox>
				<xmin>160</xmin>
				<ymin>20</ymin>
				<xmax>195</xmax>
				<ymax>60</ymax>
			</bndbox>
		</part>
	</object>
	<segmented>0</segmented>
	<size>
		<depth>3</depth>
		<height>375</height>
		<width>500</width>
	</size>
	<source>
		<annotation>PASCAL VOC2011</annotation>
		<database>The VOC2011 Database</database>
		<image>flickr</image>
	</source>
</annotation>
