<annotation>
	<filename>2011_002192.jpg</filename>
	<folder>VOC2012</folder>
	<object>
		<name>bicycle</name>
		<bndbox>
			<xmax>354</xmax>
			<xmin>302</xmin>
			<ymax>268</ymax>
			<ymin>165</ymin>
		</bndbox>
		<difficult>0</difficult>
		<occluded>1</occluded>
		<pose>Frontal</pose>
		<truncated>0</truncated>
	</object>
	<object>
		<name>bicycle</name>
		<bndbox>
			<xmax>198</xmax>
			<xmin>139</xmin>
			<ymax>290</ymax>
			<ymin>181</ymin>
		</bndbox>
		<difficult>0</difficult>
		<occluded>1</occluded>
		<pose>Frontal</pose>
		<truncated>0</truncated>
	</object>
	<object>
		<name>person</name>
		<bndbox>
			<xmax>200</xmax>
			<xmin>134</xmin>
			<ymax>264</ymax>
			<ymin>87</ymin>
		</bndbox>
		<difficult>0</difficult>
		<occluded>1</occluded>
		<pose>Frontal</pose>
		<truncated>0</truncated>
	</object>
	<object>
		<name>person</name>
		<bndbox>
			<xmax>364</xmax>
			<xmin>301</xmin>
			<ymax>252</ymax>
			<ymin>81</ymin>
		</bndbox>
		<difficult>0</difficult>
		<occluded>1</occluded>
		<pose>Frontal</pose>
		<truncated>0</truncated>
	</object>
	<segmented>0</segmented>
	<size>
		<depth>3</depth>
		<height>334</height>
		<width>500</width>
	</size>
	<source>
		<annotation>PASCAL VOC2011</annotation>
		<database>The VOC2011 Database</database>
		<image>flickr</image>
	</source>
</annotation>
