<annotation>
	<filename>2011_000829.jpg</filename>
	<folder>VOC2012</folder>
	<object>
		<name>sheep</name>
		<bndbox>
			<xmax>431</xmax>
			<xmin>138</xmin>
			<ymax>374</ymax>
			<ymin>134</ymin>
		</bndbox>
		<difficult>0</difficult>
		<occluded>1</occluded>
		<pose>Unspecified</pose>
		<truncated>0</truncated>
	</object>
	<object>
		<name>sheep</name>
		<bndbox>
			<xmax>392</xmax>
			<xmin>226</xmin>
			<ymax>82</ymax>
			<ymin>31</ymin>
		</bndbox>
		<difficult>0</difficult>
		<occluded>1</occluded>
		<pose>Left</pose>
		<truncated>1</truncated>
	</object>
	<object>
		<name>sheep</name>
		<bndbox>
			<xmax>430</xmax>
			<xmin>341</xmin>
			<ymax>63</ymax>
			<ymin>11</ymin>
		</bndbox>
		<difficult>0</difficult>
		<occluded>1</occluded>
		<pose>Unspecified</pose>
		<truncated>1</truncated>
	</object>
	<object>
		<name>sheep</name>
		<bndbox>
			<xmax>489</xmax>
			<xmin>450</xmin>
			<ymax>90</ymax>
			<ymin>18</ymin>
		</bndbox>
		<difficult>0</difficult>
		<occluded>1</occluded>
		<pose>Frontal</pose>
		<truncated>1</truncated>
	</object>
	<object>
		<name>sheep</name>
		<bndbox>
			<xmax>500</xmax>
			<xmin>441</xmin>
			<ymax>51</ymax>
			<ymin>5</ymin>
		</bndbox>
		<difficult>0</difficult>
		<occluded>1</occluded>
		<pose>Unspecified</pose>
		<truncated>1</truncated>
	</object>
	<object>
		<name>sheep</name>
		<bndbox>
			<xmax>428</xmax>
			<xmin>372</xmin>
			<ymax>71</ymax>
			<ymin>23</ymin>
		</bndbox>
		<difficult>1</difficult>
		<occluded>1</occluded>
		<pose>Unspecified</pose>
		<truncated>1</truncated>
	</object>
	<object>
		<name>sheep</name>
		<bndbox>
			<xmax>227</xmax>
			<xmin>166</xmin>
			<ymax>47</ymax>
			<ymin>21</ymin>
		</bndbox>
		<difficult>1</difficult>
		<occluded>1</occluded>
		<pose>Unspecified</pose>
		<truncated>1</truncated>
	</object>
	<object>
		<name>sheep</name>
		<bndbox>
			<xmax>350</xmax>
			<xmin>259</xmin>
			<ymax>45</ymax>
			<ymin>25</ymin>
		</bndbox>
		<difficult>1</difficult>
		<occluded>1</occluded>
		<pose>Unspecified</pose>
		<truncated>1</truncated>
	</object>
	<object>
		<name>sheep</name>
		<bndbox>
			<xmax>336</xmax>
			<xmin>299</xmin>
			<ymax>26</ymax>
			<ymin>7</ymin>
		</bndbox>
		<difficult>1</difficult>
		<occluded>1</occluded>
		<pose>Unspecified</pose>
		<truncated>1</truncated>
	</object>
	<object>
		<name>sheep</name>
		<bndbox>
			<xmax>259</xmax>
			<xmin>173</xmin>
			<ymax>93</ymax>
			<ymin>50</ymin>
		</bndbox>
		<difficult>1</difficult>
		<occluded>1</occluded>
		<pose>Unspecified</pose>
		<truncated>1</truncated>
	</object>
	<object>
		<name>sheep</name>
		<bndbox>
			<xmax>210</xmax>
			<xmin>153</xmin>
			<ymax>66</ymax>
			<ymin>45</ymin>
		</bndbox>
		<difficult>1</difficult>
		<occluded>1</occluded>
		<pose>Unspecified</pose>
		<truncated>1</truncated>
	</object>
	<object>
		<name>sheep</name>
		<bndbox>
			<xmax>28</xmax>
			<xmin>2</xmin>
			<ymax>113</ymax>
			<ymin>78</ymin>
		</bndbox>
		<difficult>1</difficult>
		<occluded>0</occluded>
		<pose>Unspecified</pose>
		<truncated>1</truncated>
	</object>
	<object>
		<name>person</name>
		<bndbox>
			<xmax>287</xmax>
			<xmin>13</xmin>
			<ymax>390</ymax>
			<ymin>38</ymin>
		</bndbox>
		<difficult>0</difficult>
		<occluded>0</occluded>
		<pose>Right</pose>
		<truncated>0</truncated>
	</object>
	<object>
		<name>person</name>
		<bndbox>
			<xmax>464</xmax>
			<xmin>263</xmin>
			<ymax>343</ymax>
			<ymin>63</ymin>
		</bndbox>
		<difficult>0</difficult>
		<occluded>1</occluded>
		<pose>Left</pose>
		<truncated>0</truncated>
	</object>
	<segmented>0</segmented>
	<size>
		<depth>3</depth>
		<height>398</height>
		<width>500</width>
	</size>
	<source>
		<annotation>PASCAL VOC2011</annotation>
		<database>The VOC2011 Database</database>
		<image>flickr</image>
	</source>
</annotation>
