<annotation>
	<filename>2011_000815.jpg</filename>
	<folder>VOC2012</folder>
	<object>
		<name>chair</name>
		<bndbox>
			<xmax>264</xmax>
			<xmin>133</xmin>
			<ymax>190</ymax>
			<ymin>82</ymin>
		</bndbox>
		<difficult>0</difficult>
		<occluded>0</occluded>
		<pose>Frontal</pose>
		<truncated>1</truncated>
	</object>
	<object>
		<name>diningtable</name>
		<bndbox>
			<xmax>494</xmax>
			<xmin>15</xmin>
			<ymax>375</ymax>
			<ymin>168</ymin>
		</bndbox>
		<difficult>0</difficult>
		<occluded>1</occluded>
		<pose>Unspecified</pose>
		<truncated>1</truncated>
	</object>
	<object>
		<name>chair</name>
		<bndbox>
			<xmax>500</xmax>
			<xmin>432</xmin>
			<ymax>205</ymax>
			<ymin>121</ymin>
		</bndbox>
		<difficult>0</difficult>
		<occluded>0</occluded>
		<pose>Unspecified</pose>
		<truncated>1</truncated>
	</object>
	<object>
		<name>chair</name>
		<bndbox>
			<xmax>176</xmax>
			<xmin>1</xmin>
			<ymax>375</ymax>
			<ymin>206</ymin>
		</bndbox>
		<difficult>0</difficult>
		<occluded>1</occluded>
		<pose>Unspecified</pose>
		<truncated>1</truncated>
	</object>
	<object>
		<name>chair</name>
		<bndbox>
			<xmax>500</xmax>
			<xmin>233</xmin>
			<ymax>375</ymax>
			<ymin>203</ymin>
		</bndbox>
		<difficult>0</difficult>
		<occluded>0</occluded>
		<pose>Unspecified</pose>
		<truncated>1</truncated>
	</object>
	<segmented>0</segmented>
	<size>
		<depth>3</depth>
		<height>375</height>
		<width>500</width>
	</size>
	<source>
		<annotation>PASCAL VOC2011</annotation>
		<database>The VOC2011 Database</database>
		<image>flickr</image>
	</source>
</annotation>
