<annotation>
	<filename>2011_003065.jpg</filename>
	<folder>VOC2012</folder>
	<object>
		<name>bus</name>
		<bndbox>
			<xmax>241</xmax>
			<xmin>207</xmin>
			<ymax>216</ymax>
			<ymin>188</ymin>
		</bndbox>
		<difficult>0</difficult>
		<occluded>0</occluded>
		<pose>Unspecified</pose>
		<truncated>0</truncated>
	</object>
	<object>
		<name>car</name>
		<bndbox>
			<xmax>117</xmax>
			<xmin>88</xmin>
			<ymax>224</ymax>
			<ymin>206</ymin>
		</bndbox>
		<difficult>0</difficult>
		<occluded>0</occluded>
		<pose>Unspecified</pose>
		<truncated>0</truncated>
	</object>
	<object>
		<name>car</name>
		<bndbox>
			<xmax>263</xmax>
			<xmin>249</xmin>
			<ymax>217</ymax>
			<ymin>204</ymin>
		</bndbox>
		<difficult>1</difficult>
		<occluded>0</occluded>
		<pose>Unspecified</pose>
		<truncated>0</truncated>
	</object>
	<object>
		<name>car</name>
		<bndbox>
			<xmax>287</xmax>
			<xmin>279</xmin>
			<ymax>211</ymax>
			<ymin>196</ymin>
		</bndbox>
		<difficult>1</difficult>
		<occluded>0</occluded>
		<pose>Unspecified</pose>
		<truncated>0</truncated>
	</object>
	<object>
		<name>car</name>
		<bndbox>
			<xmax>376</xmax>
			<xmin>271</xmin>
			<ymax>244</ymax>
			<ymin>209</ymin>
		</bndbox>
		<difficult>0</difficult>
		<occluded>1</occluded>
		<pose>Left</pose>
		<truncated>0</truncated>
	</object>
	<object>
		<name>car</name>
		<bndbox>
			<xmax>315</xmax>
			<xmin>299</xmin>
			<ymax>220</ymax>
			<ymin>205</ymin>
		</bndbox>
		<difficult>1</difficult>
		<occluded>0</occluded>
		<pose>Rear</pose>
		<truncated>1</truncated>
	</object>
	<segmented>0</segmented>
	<size>
		<depth>3</depth>
		<height>375</height>
		<width>500</width>
	</size>
	<source>
		<annotation>PASCAL VOC2011</annotation>
		<database>The VOC2011 Database</database>
		<image>flickr</image>
	</source>
</annotation>
