<annotation>
	<filename>2011_001464.jpg</filename>
	<folder>VOC2012</folder>
	<object>
		<name>dog</name>
		<bndbox>
			<xmax>372</xmax>
			<xmin>149</xmin>
			<ymax>317</ymax>
			<ymin>6</ymin>
		</bndbox>
		<difficult>0</difficult>
		<occluded>0</occluded>
		<pose>Unspecified</pose>
		<truncated>0</truncated>
	</object>
	<object>
		<name>sofa</name>
		<bndbox>
			<xmax>499</xmax>
			<xmin>1</xmin>
			<ymax>330</ymax>
			<ymin>1</ymin>
		</bndbox>
		<difficult>1</difficult>
		<occluded>1</occluded>
		<pose>Unspecified</pose>
		<truncated>0</truncated>
	</object>
	<segmented>0</segmented>
	<size>
		<depth>3</depth>
		<height>332</height>
		<width>500</width>
	</size>
	<source>
		<annotation>PASCAL VOC2011</annotation>
		<database>The VOC2011 Database</database>
		<image>flickr</image>
	</source>
</annotation>
