<annotation>
	<filename>2011_001114.jpg</filename>
	<folder>VOC2012</folder>
	<object>
		<name>aeroplane</name>
		<bndbox>
			<xmax>440</xmax>
			<xmin>79</xmin>
			<ymax>208</ymax>
			<ymin>123</ymin>
		</bndbox>
		<difficult>0</difficult>
		<occluded>0</occluded>
		<pose>Left</pose>
		<truncated>0</truncated>
	</object>
	<segmented>1</segmented>
	<size>
		<depth>3</depth>
		<height>335</height>
		<width>500</width>
	</size>
	<source>
		<annotation>PASCAL VOC2011</annotation>
		<database>The VOC2011 Database</database>
		<image>flickr</image>
	</source>
</annotation>
