<annotation>
	<filename>2011_000587.jpg</filename>
	<folder>VOC2012</folder>
	<object>
		<name>person</name>
		<bndbox>
			<xmax>165</xmax>
			<xmin>60</xmin>
			<ymax>486</ymax>
			<ymin>138</ymin>
		</bndbox>
		<difficult>0</difficult>
		<occluded>0</occluded>
		<pose>Frontal</pose>
		<truncated>1</truncated>
		<part>
			<name>head</name>
			<bndbox>
				<xmin>104</xmin>
				<ymin>138</ymin>
				<xmax>142</xmax>
				<ymax>187</ymax>
			</bndbox>
		</part>
		<part>
			<name>hand</name>
			<bndbox>
				<xmin>61</xmin>
				<ymin>302</ymin>
				<xmax>76</xmax>
				<ymax>332</ymax>
			</bndbox>
		</part>
		<part>
			<name>foot</name>
			<bndbox>
				<xmin>126</xmin>
				<ymin>453</ymin>
				<xmax>161</xmax>
				<ymax>478</ymax>
			</bndbox>
		</part>
		<part>
			<name>foot</name>
			<bndbox>
				<xmin>61</xmin>
				<ymin>456</ymin>
				<xmax>94</xmax>
				<ymax>484</ymax>
			</bndbox>
		</part>
	</object>
	<object>
		<name>person</name>
		<bndbox>
			<xmax>215</xmax>
			<xmin>132</xmin>
			<ymax>340</ymax>
			<ymin>193</ymin>
		</bndbox>
		<difficult>0</difficult>
		<occluded>0</occluded>
		<pose>Frontal</pose>
		<truncated>0</truncated>
		<part>
			<name>head</name>
			<bndbox>
				<xmin>162</xmin>
				<ymin>193</ymin>
				<xmax>198</xmax>
				<ymax>237</ymax>
			</bndbox>
		</part>
		<part>
			<name>hand</name>
			<bndbox>
				<xmin>160</xmin>
				<ymin>255</ymin>
				<xmax>173</xmax>
				<ymax>269</ymax>
			</bndbox>
		</part>
		<part>
			<name>hand</name>
			<bndbox>
				<xmin>173</xmin>
				<ymin>256</ymin>
				<xmax>187</xmax>
				<ymax>270</ymax>
			</bndbox>
		</part>
		<part>
			<name>foot</name>
			<bndbox>
				<xmin>163</xmin>
				<ymin>273</ymin>
				<xmax>180</xmax>
				<ymax>312</ymax>
			</bndbox>
		</part>
		<part>
			<name>foot</name>
			<bndbox>
				<xmin>133</xmin>
				<ymin>318</ymin>
				<xmax>162</xmax>
				<ymax>338</ymax>
			</bndbox>
		</part>
	</object>
	<segmented>0</segmented>
	<size>
		<depth>3</depth>
		<height>500</height>
		<width>333</width>
	</size>
	<source>
		<annotation>PASCAL VOC2011</annotation>
		<database>The VOC2011 Database</database>
		<image>flickr</image>
	</source>
</annotation>
