<annotation>
	<filename>2011_000342.jpg</filename>
	<folder>VOC2012</folder>
	<object>
		<name>boat</name>
		<bndbox>
			<xmax>500</xmax>
			<xmin>24</xmin>
			<ymax>375</ymax>
			<ymin>1</ymin>
		</bndbox>
		<difficult>0</difficult>
		<occluded>0</occluded>
		<pose>Unspecified</pose>
		<truncated>1</truncated>
	</object>
	<object>
		<name>person</name>
		<bndbox>
			<xmax>413</xmax>
			<xmin>338</xmin>
			<ymax>290</ymax>
			<ymin>212</ymin>
		</bndbox>
		<difficult>0</difficult>
		<occluded>1</occluded>
		<pose>Unspecified</pose>
		<truncated>1</truncated>
	</object>
	<segmented>0</segmented>
	<size>
		<depth>3</depth>
		<height>375</height>
		<width>500</width>
	</size>
	<source>
		<annotation>PASCAL VOC2011</annotation>
		<database>The VOC2011 Database</database>
		<image>flickr</image>
	</source>
</annotation>
