<annotation>
	<filename>2011_002179.jpg</filename>
	<folder>VOC2012</folder>
	<object>
		<name>sofa</name>
		<bndbox>
			<xmax>483</xmax>
			<xmin>2</xmin>
			<ymax>375</ymax>
			<ymin>106</ymin>
		</bndbox>
		<difficult>1</difficult>
		<occluded>1</occluded>
		<pose>Unspecified</pose>
		<truncated>1</truncated>
	</object>
	<object>
		<name>person</name>
		<bndbox>
			<xmax>372</xmax>
			<xmin>1</xmin>
			<ymax>375</ymax>
			<ymin>134</ymin>
		</bndbox>
		<difficult>0</difficult>
		<occluded>0</occluded>
		<pose>Unspecified</pose>
		<truncated>1</truncated>
	</object>
	<object>
		<name>chair</name>
		<bndbox>
			<xmax>200</xmax>
			<xmin>93</xmin>
			<ymax>118</ymax>
			<ymin>22</ymin>
		</bndbox>
		<difficult>0</difficult>
		<occluded>0</occluded>
		<pose>Unspecified</pose>
		<truncated>1</truncated>
	</object>
	<object>
		<name>chair</name>
		<bndbox>
			<xmax>145</xmax>
			<xmin>69</xmin>
			<ymax>128</ymax>
			<ymin>61</ymin>
		</bndbox>
		<difficult>0</difficult>
		<occluded>1</occluded>
		<pose>Unspecified</pose>
		<truncated>1</truncated>
	</object>
	<object>
		<name>chair</name>
		<bndbox>
			<xmax>219</xmax>
			<xmin>192</xmin>
			<ymax>114</ymax>
			<ymin>52</ymin>
		</bndbox>
		<difficult>1</difficult>
		<occluded>0</occluded>
		<pose>Unspecified</pose>
		<truncated>1</truncated>
	</object>
	<segmented>0</segmented>
	<size>
		<depth>3</depth>
		<height>375</height>
		<width>500</width>
	</size>
	<source>
		<annotation>PASCAL VOC2011</annotation>
		<database>The VOC2011 Database</database>
		<image>flickr</image>
	</source>
</annotation>
