<annotation>
	<filename>2011_001100.jpg</filename>
	<folder>VOC2012</folder>
	<object>
		<name>person</name>
		<bndbox>
			<xmax>351</xmax>
			<xmin>150</xmin>
			<ymax>322</ymax>
			<ymin>124</ymin>
		</bndbox>
		<difficult>0</difficult>
		<occluded>0</occluded>
		<pose>Frontal</pose>
		<truncated>1</truncated>
	</object>
	<object>
		<name>car</name>
		<bndbox>
			<xmax>199</xmax>
			<xmin>178</xmin>
			<ymax>271</ymax>
			<ymin>258</ymin>
		</bndbox>
		<difficult>1</difficult>
		<occluded>0</occluded>
		<pose>Frontal</pose>
		<truncated>1</truncated>
	</object>
	<segmented>0</segmented>
	<size>
		<depth>3</depth>
		<height>375</height>
		<width>500</width>
	</size>
	<source>
		<annotation>PASCAL VOC2011</annotation>
		<database>The VOC2011 Database</database>
		<image>flickr</image>
	</source>
</annotation>
