<annotation>
	<filename>2011_002031.jpg</filename>
	<folder>VOC2012</folder>
	<object>
		<name>pottedplant</name>
		<bndbox>
			<xmax>438</xmax>
			<xmin>124</xmin>
			<ymax>279</ymax>
			<ymin>1</ymin>
		</bndbox>
		<difficult>0</difficult>
		<occluded>0</occluded>
		<pose>Unspecified</pose>
		<truncated>1</truncated>
	</object>
	<object>
		<name>cat</name>
		<bndbox>
			<xmax>217</xmax>
			<xmin>130</xmin>
			<ymax>263</ymax>
			<ymin>176</ymin>
		</bndbox>
		<difficult>0</difficult>
		<occluded>1</occluded>
		<pose>Unspecified</pose>
		<truncated>0</truncated>
	</object>
	<segmented>0</segmented>
	<size>
		<depth>3</depth>
		<height>375</height>
		<width>500</width>
	</size>
	<source>
		<annotation>PASCAL VOC2011</annotation>
		<database>The VOC2011 Database</database>
		<image>flickr</image>
	</source>
</annotation>
