<annotation>
	<filename>2011_001458.jpg</filename>
	<folder>VOC2012</folder>
	<object>
		<name>person</name>
		<bndbox>
			<xmax>500</xmax>
			<xmin>262</xmin>
			<ymax>375</ymax>
			<ymin>1</ymin>
		</bndbox>
		<difficult>0</difficult>
		<occluded>0</occluded>
		<pose>Unspecified</pose>
		<truncated>1</truncated>
		<part>
			<name>hand</name>
			<bndbox>
				<xmin>407</xmin>
				<ymin>280</ymin>
				<xmax>500</xmax>
				<ymax>375</ymax>
			</bndbox>
		</part>
		<part>
			<name>hand</name>
			<bndbox>
				<xmin>440</xmin>
				<ymin>284</ymin>
				<xmax>497</xmax>
				<ymax>329</ymax>
			</bndbox>
		</part>
		<part>
			<name>head</name>
			<bndbox>
				<xmin>326</xmin>
				<ymin>2</ymin>
				<xmax>437</xmax>
				<ymax>137</ymax>
			</bndbox>
		</part>
	</object>
	<segmented>0</segmented>
	<size>
		<depth>3</depth>
		<height>375</height>
		<width>500</width>
	</size>
	<source>
		<annotation>PASCAL VOC2011</annotation>
		<database>The VOC2011 Database</database>
		<image>flickr</image>
	</source>
</annotation>
