<annotation>
	<filename>2011_000395.jpg</filename>
	<folder>VOC2012</folder>
	<object>
		<name>person</name>
		<bndbox>
			<xmax>500</xmax>
			<xmin>1</xmin>
			<ymax>382</ymax>
			<ymin>1</ymin>
		</bndbox>
		<difficult>0</difficult>
		<occluded>0</occluded>
		<pose>Unspecified</pose>
		<truncated>1</truncated>
		<part>
			<name>hand</name>
			<bndbox>
				<xmin>18</xmin>
				<ymin>221</ymin>
				<xmax>204</xmax>
				<ymax>373</ymax>
			</bndbox>
		</part>
		<part>
			<name>hand</name>
			<bndbox>
				<xmin>104</xmin>
				<ymin>332</ymin>
				<xmax>217</xmax>
				<ymax>382</ymax>
			</bndbox>
		</part>
		<part>
			<name>head</name>
			<bndbox>
				<xmin>43</xmin>
				<ymin>1</ymin>
				<xmax>365</xmax>
				<ymax>381</ymax>
			</bndbox>
		</part>
	</object>
	<segmented>0</segmented>
	<size>
		<depth>3</depth>
		<height>382</height>
		<width>500</width>
	</size>
	<source>
		<annotation>PASCAL VOC2011</annotation>
		<database>The VOC2011 Database</database>
		<image>flickr</image>
	</source>
</annotation>
