<annotation>
	<filename>2011_000949.jpg</filename>
	<folder>VOC2012</folder>
	<object>
		<name>person</name>
		<bndbox>
			<xmax>340</xmax>
			<xmin>69</xmin>
			<ymax>382</ymax>
			<ymin>27</ymin>
		</bndbox>
		<difficult>0</difficult>
		<occluded>1</occluded>
		<pose>Frontal</pose>
		<truncated>1</truncated>
		<part>
			<name>hand</name>
			<bndbox>
				<xmin>73</xmin>
				<ymin>324</ymin>
				<xmax>124</xmax>
				<ymax>377</ymax>
			</bndbox>
		</part>
		<part>
			<name>hand</name>
			<bndbox>
				<xmin>287</xmin>
				<ymin>316</ymin>
				<xmax>340</xmax>
				<ymax>375</ymax>
			</bndbox>
		</part>
		<part>
			<name>head</name>
			<bndbox>
				<xmin>153</xmin>
				<ymin>49</ymin>
				<xmax>242</xmax>
				<ymax>189</ymax>
			</bndbox>
		</part>
	</object>
	<segmented>0</segmented>
	<size>
		<depth>3</depth>
		<height>500</height>
		<width>375</width>
	</size>
	<source>
		<annotation>PASCAL VOC2011</annotation>
		<database>The VOC2011 Database</database>
		<image>flickr</image>
	</source>
</annotation>
