<annotation>
	<filename>2011_001666.jpg</filename>
	<folder>VOC2012</folder>
	<object>
		<name>chair</name>
		<bndbox>
			<xmax>150</xmax>
			<xmin>23</xmin>
			<ymax>349</ymax>
			<ymin>180</ymin>
		</bndbox>
		<difficult>0</difficult>
		<occluded>0</occluded>
		<pose>Rear</pose>
		<truncated>0</truncated>
	</object>
	<segmented>0</segmented>
	<size>
		<depth>3</depth>
		<height>375</height>
		<width>500</width>
	</size>
	<source>
		<annotation>PASCAL VOC2011</annotation>
		<database>The VOC2011 Database</database>
		<image>flickr</image>
	</source>
</annotation>
