<annotation>
	<filename>2011_002409.jpg</filename>
	<folder>VOC2012</folder>
	<object>
		<name>cat</name>
		<bndbox>
			<xmax>252</xmax>
			<xmin>116</xmin>
			<ymax>118</ymax>
			<ymin>1</ymin>
		</bndbox>
		<difficult>0</difficult>
		<occluded>0</occluded>
		<pose>Frontal</pose>
		<truncated>1</truncated>
	</object>
	<segmented>0</segmented>
	<size>
		<depth>3</depth>
		<height>333</height>
		<width>500</width>
	</size>
	<source>
		<annotation>PASCAL VOC2011</annotation>
		<database>The VOC2011 Database</database>
		<image>flickr</image>
	</source>
</annotation>
