<annotation>
	<filename>2011_001841.jpg</filename>
	<folder>VOC2012</folder>
	<object>
		<name>cat</name>
		<bndbox>
			<xmax>313</xmax>
			<xmin>1</xmin>
			<ymax>348</ymax>
			<ymin>49</ymin>
		</bndbox>
		<difficult>0</difficult>
		<occluded>0</occluded>
		<pose>Right</pose>
		<truncated>1</truncated>
	</object>
	<segmented>0</segmented>
	<size>
		<depth>3</depth>
		<height>375</height>
		<width>500</width>
	</size>
	<source>
		<annotation>PASCAL VOC2011</annotation>
		<database>The VOC2011 Database</database>
		<image>flickr</image>
	</source>
</annotation>
