<annotation>
	<filename>2011_000975.jpg</filename>
	<folder>VOC2012</folder>
	<object>
		<name>aeroplane</name>
		<bndbox>
			<xmax>428</xmax>
			<xmin>1</xmin>
			<ymax>373</ymax>
			<ymin>46</ymin>
		</bndbox>
		<difficult>0</difficult>
		<occluded>1</occluded>
		<pose>Unspecified</pose>
		<truncated>0</truncated>
	</object>
	<object>
		<name>aeroplane</name>
		<bndbox>
			<xmax>500</xmax>
			<xmin>374</xmin>
			<ymax>375</ymax>
			<ymin>100</ymin>
		</bndbox>
		<difficult>1</difficult>
		<occluded>1</occluded>
		<pose>Unspecified</pose>
		<truncated>1</truncated>
	</object>
	<segmented>0</segmented>
	<size>
		<depth>3</depth>
		<height>375</height>
		<width>500</width>
	</size>
	<source>
		<annotation>PASCAL VOC2011</annotation>
		<database>The VOC2011 Database</database>
		<image>flickr</image>
	</source>
</annotation>
