<annotation>
	<filename>2011_006280.jpg</filename>
	<folder>VOC2011</folder>
	<object>
		<name>person</name>
		<actions>
			<jumping>0</jumping>
			<other>1</other>
			<phoning>0</phoning>
			<playinginstrument>0</playinginstrument>
			<reading>0</reading>
			<ridingbike>0</ridingbike>
			<ridinghorse>0</ridinghorse>
			<running>0</running>
			<takingphoto>0</takingphoto>
			<usingcomputer>0</usingcomputer>
			<walking>0</walking>
		</actions>
		<bndbox>
			<xmax>214</xmax>
			<xmin>150</xmin>
			<ymax>453</ymax>
			<ymin>235</ymin>
		</bndbox>
		<difficult>0</difficult>
		<pose>Unspecified</pose>
		<point>
			<x>183</x>
			<y>299</y>
		</point>
	</object>
	<object>
		<name>person</name>
		<actions>
			<jumping>0</jumping>
			<other>1</other>
			<phoning>0</phoning>
			<playinginstrument>0</playinginstrument>
			<reading>0</reading>
			<ridingbike>0</ridingbike>
			<ridinghorse>0</ridinghorse>
			<running>0</running>
			<takingphoto>0</takingphoto>
			<usingcomputer>0</usingcomputer>
			<walking>0</walking>
		</actions>
		<bndbox>
			<xmax>120</xmax>
			<xmin>48</xmin>
			<ymax>432</ymax>
			<ymin>237</ymin>
		</bndbox>
		<difficult>0</difficult>
		<pose>Unspecified</pose>
		<point>
			<x>88</x>
			<y>298</y>
		</point>
	</object>
	<object>
		<name>person</name>
		<actions>
			<jumping>0</jumping>
			<other>1</other>
			<phoning>0</phoning>
			<playinginstrument>0</playinginstrument>
			<reading>0</reading>
			<ridingbike>0</ridingbike>
			<ridinghorse>0</ridinghorse>
			<running>0</running>
			<takingphoto>0</takingphoto>
			<usingcomputer>0</usingcomputer>
			<walking>0</walking>
		</actions>
		<bndbox>
			<xmax>313</xmax>
			<xmin>255</xmin>
			<ymax>394</ymax>
			<ymin>211</ymin>
		</bndbox>
		<difficult>0</difficult>
		<pose>Unspecified</pose>
		<point>
			<x>280</x>
			<y>268</y>
		</point>
	</object>
	<segmented>0</segmented>
	<size>
		<depth>3</depth>
		<height>500</height>
		<width>375</width>
	</size>
	<source>
		<annotation>PASCAL VOC2011</annotation>
		<database>The VOC2011 Database</database>
		<image>flickr</image>
	</source>
</annotation>
