<annotation>
	<filename>2011_002019.jpg</filename>
	<folder>VOC2012</folder>
	<object>
		<name>cow</name>
		<bndbox>
			<xmax>499</xmax>
			<xmin>190</xmin>
			<ymax>297</ymax>
			<ymin>53</ymin>
		</bndbox>
		<difficult>0</difficult>
		<occluded>1</occluded>
		<pose>Unspecified</pose>
		<truncated>1</truncated>
	</object>
	<object>
		<name>person</name>
		<bndbox>
			<xmax>206</xmax>
			<xmin>1</xmin>
			<ymax>375</ymax>
			<ymin>1</ymin>
		</bndbox>
		<difficult>0</difficult>
		<occluded>0</occluded>
		<pose>Unspecified</pose>
		<truncated>1</truncated>
	</object>
	<segmented>0</segmented>
	<size>
		<depth>3</depth>
		<height>375</height>
		<width>500</width>
	</size>
	<source>
		<annotation>PASCAL VOC2011</annotation>
		<database>The VOC2011 Database</database>
		<image>flickr</image>
	</source>
</annotation>
