<annotation>
	<filename>2011_000961.jpg</filename>
	<folder>VOC2012</folder>
	<object>
		<name>dog</name>
		<bndbox>
			<xmax>292</xmax>
			<xmin>1</xmin>
			<ymax>300</ymax>
			<ymin>79</ymin>
		</bndbox>
		<difficult>0</difficult>
		<occluded>0</occluded>
		<pose>Unspecified</pose>
		<truncated>1</truncated>
	</object>
	<segmented>0</segmented>
	<size>
		<depth>3</depth>
		<height>300</height>
		<width>400</width>
	</size>
	<source>
		<annotation>PASCAL VOC2011</annotation>
		<database>The VOC2011 Database</database>
		<image>flickr</image>
	</source>
</annotation>
