<annotation>
	<filename>2011_000550.jpg</filename>
	<folder>VOC2012</folder>
	<object>
		<name>sofa</name>
		<bndbox>
			<xmax>500</xmax>
			<xmin>126</xmin>
			<ymax>343</ymax>
			<ymin>105</ymin>
		</bndbox>
		<difficult>0</difficult>
		<occluded>0</occluded>
		<pose>Unspecified</pose>
		<truncated>0</truncated>
	</object>
	<segmented>1</segmented>
	<size>
		<depth>3</depth>
		<height>375</height>
		<width>500</width>
	</size>
	<source>
		<annotation>PASCAL VOC2011</annotation>
		<database>The VOC2011 Database</database>
		<image>flickr</image>
	</source>
</annotation>
