<annotation>
	<filename>2012_004328.jpg</filename>
	<folder>VOC2012</folder>
	<object>
		<name>person</name>
		<actions>
			<jumping>0</jumping>
			<other>0</other>
			<phoning>0</phoning>
			<playinginstrument>0</playinginstrument>
			<reading>0</reading>
			<ridingbike>1</ridingbike>
			<ridinghorse>0</ridinghorse>
			<running>0</running>
			<takingphoto>0</takingphoto>
			<usingcomputer>0</usingcomputer>
			<walking>0</walking>
		</actions>
		<bndbox>
			<xmax>166</xmax>
			<xmin>59</xmin>
			<ymax>415</ymax>
			<ymin>220</ymin>
		</bndbox>
		<difficult>0</difficult>
		<pose>Unspecified</pose>
		<point>
			<x>98</x>
			<y>279</y>
		</point>
	</object>
	<object>
		<name>person</name>
		<actions>
			<jumping>0</jumping>
			<other>0</other>
			<phoning>0</phoning>
			<playinginstrument>0</playinginstrument>
			<reading>0</reading>
			<ridingbike>0</ridingbike>
			<ridinghorse>0</ridinghorse>
			<running>0</running>
			<takingphoto>0</takingphoto>
			<usingcomputer>0</usingcomputer>
			<walking>1</walking>
		</actions>
		<bndbox>
			<xmax>268</xmax>
			<xmin>219</xmin>
			<ymax>332</ymax>
			<ymin>226</ymin>
		</bndbox>
		<difficult>0</difficult>
		<pose>Unspecified</pose>
		<point>
			<x>241</x>
			<y>257</y>
		</point>
	</object>
	<segmented>0</segmented>
	<size>
		<depth>3</depth>
		<height>500</height>
		<width>328</width>
	</size>
	<source>
		<annotation>PASCAL VOC2012</annotation>
		<database>The VOC2012 Database</database>
		<image>flickr</image>
	</source>
</annotation>
