<annotation>
	<filename>2012_001683.jpg</filename>
	<folder>VOC2012</folder>
	<object>
		<name>person</name>
		<actions>
			<jumping>0</jumping>
			<other>0</other>
			<phoning>0</phoning>
			<playinginstrument>0</playinginstrument>
			<reading>0</reading>
			<ridingbike>0</ridingbike>
			<ridinghorse>0</ridinghorse>
			<running>0</running>
			<takingphoto>0</takingphoto>
			<usingcomputer>0</usingcomputer>
			<walking>1</walking>
		</actions>
		<bndbox>
			<xmax>316</xmax>
			<xmin>235</xmin>
			<ymax>336</ymax>
			<ymin>138</ymin>
		</bndbox>
		<difficult>0</difficult>
		<pose>Unspecified</pose>
		<point>
			<x>274</x>
			<y>189</y>
		</point>
	</object>
	<object>
		<name>person</name>
		<actions>
			<jumping>0</jumping>
			<other>0</other>
			<phoning>0</phoning>
			<playinginstrument>0</playinginstrument>
			<reading>0</reading>
			<ridingbike>0</ridingbike>
			<ridinghorse>0</ridinghorse>
			<running>1</running>
			<takingphoto>0</takingphoto>
			<usingcomputer>0</usingcomputer>
			<walking>0</walking>
		</actions>
		<bndbox>
			<xmax>142</xmax>
			<xmin>106</xmin>
			<ymax>248</ymax>
			<ymin>183</ymin>
		</bndbox>
		<difficult>0</difficult>
		<pose>Unspecified</pose>
		<point>
			<x>124</x>
			<y>201</y>
		</point>
	</object>
	<segmented>0</segmented>
	<size>
		<depth>3</depth>
		<height>375</height>
		<width>500</width>
	</size>
	<source>
		<annotation>PASCAL VOC2012</annotation>
		<database>The VOC2012 Database</database>
		<image>flickr</image>
	</source>
</annotation>
